,5,1,6,2,17,14,18,19,7,3,21,24,20,12,8,22,10,4,11,16,15,23,13
0,0.375,0.6363636363636364,0.6,0.75,0.5,0.6,0.5714285714285714,0.625,0.8235294117647058,0.8,0.5,0.2857142857142857,0.5555555555555556,0.6666666666666666,0.75,0.3,0.625,0.5,1.0,0.6666666666666666,0.5,0.6,1.0
1,0.4,0.6,0.625,0.65625,0.5714285714285714,0.6923076923076923,0.5454545454545454,0.6842105263157895,0.6666666666666666,0.5769230769230769,0.2857142857142857,0.3,0.5238095238095238,0.6875,0.6428571428571429,0.375,0.7272727272727273,0.56,0.7857142857142857,0.5,0.42105263157894735,0.45454545454545453,0.7
2,0.3333333333333333,0.46153846153846156,0.6,0.5769230769230769,0.6086956521739131,0.7222222222222222,0.4117647058823529,0.631578947368421,0.56,0.5806451612903226,0.125,0.46153846153846156,0.6086956521739131,0.7777777777777778,0.625,0.45454545454545453,0.8571428571428571,0.7,0.7894736842105263,0.375,0.42857142857142855,0.25,0.5833333333333334
3,0.4473684210526316,0.48,0.68,0.5757575757575758,0.5625,0.7142857142857143,0.23529411764705882,0.5882352941176471,0.6666666666666666,0.6333333333333333,0.2857142857142857,0.5555555555555556,0.5625,0.8571428571428571,0.625,0.3333333333333333,0.8823529411764706,0.6923076923076923,0.7222222222222222,0.4,0.4666666666666667,0.2222222222222222,0.6086956521739131
4,0.5454545454545454,0.5,0.7241379310344828,0.5428571428571428,0.5333333333333333,0.7272727272727273,0.21428571428571427,0.5384615384615384,0.5925925925925926,0.5172413793103449,0.5,0.5333333333333333,0.38461538461538464,0.7647058823529411,0.6176470588235294,0.23529411764705882,0.8888888888888888,0.6785714285714286,0.6,0.5555555555555556,0.6428571428571429,0.2777777777777778,0.6153846153846154
5,0.5365853658536586,0.48,0.6129032258064516,0.64,0.7333333333333333,0.8333333333333334,0.46153846153846156,0.6666666666666666,0.48,0.48,0.5714285714285714,0.3125,0.4,0.7142857142857143,0.6551724137931034,0.22727272727272727,0.7777777777777778,0.6129032258064516,0.7692307692307693,0.7222222222222222,0.6923076923076923,0.3333333333333333,0.6428571428571429
6,0.5757575757575758,0.6818181818181818,0.7575757575757576,0.7307692307692307,0.6,0.8333333333333334,0.4166666666666667,0.8666666666666667,0.5161290322580645,0.5294117647058824,0.5,0.4444444444444444,0.5,0.7,0.59375,0.2,0.75,0.45454545454545453,0.7647058823529411,0.6666666666666666,0.7058823529411765,0.3888888888888889,0.7
7,0.4117647058823529,0.8333333333333334,0.7727272727272727,0.5652173913043478,0.4444444444444444,0.7857142857142857,0.2857142857142857,0.8888888888888888,0.5897435897435898,0.5405405405405406,0.42857142857142855,0.6470588235294118,0.5625,0.6842105263157895,0.4838709677419355,0.38461538461538464,0.7777777777777778,0.45714285714285713,0.8125,0.6,0.7857142857142857,0.45454545454545453,0.6842105263157895
8,0.4411764705882353,0.7,0.7317073170731707,0.47619047619047616,0.5454545454545454,0.7272727272727273,0.4,0.5833333333333334,0.7027027027027027,0.5625,0.3333333333333333,0.6666666666666666,0.45454545454545453,0.65,0.48148148148148145,0.5882352941176471,0.8461538461538461,0.6129032258064516,0.8666666666666667,0.3181818181818182,0.4375,0.5714285714285714,0.8571428571428571
9,0.56,0.6060606060606061,0.8484848484848485,0.7,0.6666666666666666,0.7333333333333333,0.4117647058823529,0.5714285714285714,0.675,0.6666666666666666,0.26666666666666666,0.625,0.47368421052631576,0.7142857142857143,0.5161290322580645,0.47619047619047616,0.8571428571428571,0.6296296296296297,0.8823529411764706,0.07692307692307693,0.42105263157894735,0.36363636363636365,0.8
10,0.45454545454545453,0.59375,0.7777777777777778,0.6666666666666666,0.625,0.5789473684210527,0.5909090909090909,0.7777777777777778,0.6363636363636364,0.6153846153846154,0.2857142857142857,0.5294117647058824,0.4375,0.8,0.6060606060606061,0.3333333333333333,0.875,0.5,0.9230769230769231,0.3,0.5,0.24,0.6818181818181818
11,0.52,0.6153846153846154,0.5652173913043478,0.6,0.4444444444444444,0.26666666666666666,0.6875,0.8235294117647058,0.7380952380952381,0.5,0.3,0.5454545454545454,0.45454545454545453,0.7333333333333333,0.6,0.2857142857142857,1.0,0.3076923076923077,0.9090909090909091,0.3333333333333333,0.42857142857142855,0.2916666666666667,0.5625
12,0.5,0.7407407407407407,0.7741935483870968,0.6428571428571429,0.42105263157894735,0.5625,0.45454545454545453,0.9166666666666666,0.7941176470588235,0.5416666666666666,0.375,0.5238095238095238,0.4444444444444444,0.875,0.5925925925925926,0.21428571428571427,1.0,0.40625,1.0,0.5,0.47058823529411764,0.23076923076923078,0.6
13,0.5,0.7777777777777778,0.7777777777777778,0.6285714285714286,0.5238095238095238,0.8125,0.3076923076923077,0.9230769230769231,0.71875,0.32,0.5,0.5,0.38461538461538464,0.8461538461538461,0.64,0.2857142857142857,1.0,0.6341463414634146,0.8181818181818182,0.5,0.6363636363636364,0.25,0.7647058823529411
14,0.48148148148148145,0.6129032258064516,0.42857142857142855,0.6470588235294118,0.5,0.6666666666666666,0.16666666666666666,0.8181818181818182,0.6666666666666666,0.24,0.23076923076923078,0.625,0.5,0.5294117647058824,0.6428571428571429,0.3333333333333333,1.0,0.6486486486486487,0.8,0.36363636363636365,0.6923076923076923,0.23529411764705882,0.7857142857142857
15,0.4782608695652174,0.5882352941176471,0.6428571428571429,0.6333333333333333,0.5,0.6428571428571429,0.3333333333333333,0.8421052631578947,0.7916666666666666,0.4782608695652174,0.2857142857142857,0.6,0.625,0.46153846153846156,0.6666666666666666,0.4666666666666667,1.0,0.56,0.8333333333333334,0.4,0.5789473684210527,0.2,0.7333333333333333
16,0.6190476190476191,0.6666666666666666,0.7297297297297297,0.5333333333333333,0.4375,0.8461538461538461,0.5454545454545454,0.9230769230769231,0.75,0.5454545454545454,0.4,0.42857142857142855,0.5,0.75,0.6153846153846154,0.5,1.0,0.5925925925925926,0.8571428571428571,0.5,0.375,0.4166666666666667,0.7692307692307693
17,0.6296296296296297,0.7,0.75,0.6206896551724138,0.4666666666666667,0.9090909090909091,0.75,0.6875,0.6206896551724138,0.625,0.15,0.3684210526315789,0.6428571428571429,0.8333333333333334,0.5217391304347826,0.4444444444444444,0.6666666666666666,0.6666666666666666,1.0,0.6363636363636364,0.18181818181818182,0.5333333333333333,0.7333333333333333
18,0.3902439024390244,0.6551724137931034,0.7692307692307693,0.6,0.5238095238095238,0.6666666666666666,0.6428571428571429,0.6363636363636364,0.5,0.6538461538461539,0.11764705882352941,0.52,0.6666666666666666,0.8461538461538461,0.52,0.4666666666666667,0.6,0.6923076923076923,0.7692307692307693,0.5714285714285714,0.5384615384615384,0.6086956521739131,0.7058823529411765
19,0.4146341463414634,0.5609756097560976,0.5769230769230769,0.4666666666666667,0.4375,0.6363636363636364,0.46153846153846156,0.8333333333333334,0.5,0.6296296296296297,0.25,0.55,0.5263157894736842,0.8947368421052632,0.6521739130434783,0.3076923076923077,0.7368421052631579,0.5652173913043478,0.8,0.5714285714285714,0.7222222222222222,0.5909090909090909,0.6428571428571429
20,0.7142857142857143,0.5151515151515151,0.5588235294117647,0.41379310344827586,0.36363636363636365,0.75,0.4117647058823529,0.8,0.5,0.5666666666666667,0.2,0.38461538461538464,0.625,0.8,0.5217391304347826,0.3888888888888889,0.7647058823529411,0.5625,0.9333333333333333,0.4117647058823529,0.5,0.4666666666666667,0.8333333333333334
21,0.7142857142857143,0.6176470588235294,0.5517241379310345,0.37037037037037035,0.4666666666666667,0.72,0.3181818181818182,0.8095238095238095,0.4838709677419355,0.3,0.3,0.3888888888888889,0.6111111111111112,0.5555555555555556,0.4864864864864865,0.6153846153846154,0.7142857142857143,0.6470588235294118,0.9166666666666666,0.25,0.5,0.6,0.8
22,0.6363636363636364,0.6923076923076923,0.6666666666666666,0.6086956521739131,0.4666666666666667,0.6875,0.22727272727272727,0.7058823529411765,0.65625,0.3333333333333333,0.4444444444444444,0.42857142857142855,0.3888888888888889,0.6,0.46153846153846156,0.5217391304347826,0.7857142857142857,0.6,1.0,0.5,0.5454545454545454,0.6,0.7142857142857143
23,0.5517241379310345,0.6,0.5666666666666667,0.6818181818181818,0.5,0.6666666666666666,0.2857142857142857,0.65,0.6,0.5185185185185185,0.5333333333333333,0.5454545454545454,0.46153846153846156,0.5555555555555556,0.3548387096774194,0.15384615384615385,0.8333333333333334,0.5151515151515151,0.9090909090909091,0.5714285714285714,0.42857142857142855,0.5882352941176471,0.9090909090909091
24,0.47058823529411764,0.5666666666666667,0.4838709677419355,0.5238095238095238,0.6923076923076923,0.8125,0.5454545454545454,0.7222222222222222,0.6097560975609756,0.5588235294117647,0.5263157894736842,0.5,0.5,0.5,0.46153846153846156,0.4166666666666667,0.875,0.5172413793103449,0.7647058823529411,0.625,0.5714285714285714,0.4666666666666667,0.8333333333333334
25,0.45454545454545453,0.6071428571428571,0.6428571428571429,0.6774193548387096,0.5,0.6428571428571429,0.6,0.8888888888888888,0.6857142857142857,0.5882352941176471,0.4782608695652174,0.5454545454545454,0.18181818181818182,0.5,0.5652173913043478,0.625,0.9166666666666666,0.5714285714285714,0.7777777777777778,0.6666666666666666,0.6153846153846154,0.3076923076923077,0.6875
26,0.5333333333333333,0.5833333333333334,0.78125,0.7714285714285715,0.5,0.625,0.5,0.5833333333333334,0.5517241379310345,0.5882352941176471,0.4166666666666667,0.6,0.5263157894736842,0.6,0.5185185185185185,0.4666666666666667,0.8636363636363636,0.41379310344827586,0.7777777777777778,0.6363636363636364,0.5789473684210527,0.42857142857142855,0.7368421052631579
27,0.6,0.6875,0.65625,0.6451612903225806,0.8181818181818182,0.875,0.6428571428571429,0.6,0.5185185185185185,0.631578947368421,0.3125,0.5333333333333333,0.6086956521739131,0.7,0.52,0.3333333333333333,0.9,0.4,0.8461538461538461,0.35294117647058826,0.5789473684210527,0.45454545454545453,0.8333333333333334
28,0.46153846153846156,0.5909090909090909,0.48148148148148145,0.5897435897435898,0.5333333333333333,0.7333333333333333,0.6470588235294118,0.7727272727272727,0.5454545454545454,0.5714285714285714,0.4,0.5,0.47368421052631576,0.8,0.5454545454545454,0.4,0.8181818181818182,0.4827586206896552,0.9411764705882353,0.36666666666666664,0.42857142857142855,0.4375,0.8666666666666667
29,0.4857142857142857,0.4583333333333333,0.5,0.5526315789473685,0.5789473684210527,0.6428571428571429,0.5333333333333333,0.8823529411764706,0.7037037037037037,0.5517241379310345,0.5625,0.45,0.4,1.0,0.5294117647058824,0.5714285714285714,0.8125,0.4838709677419355,0.8421052631578947,0.4166666666666667,0.47058823529411764,0.3888888888888889,0.7647058823529411
30,0.5769230769230769,0.68,0.6086956521739131,0.5,0.631578947368421,0.7142857142857143,0.5454545454545454,0.7857142857142857,0.71875,0.65,0.5,0.3888888888888889,0.4166666666666667,0.8888888888888888,0.5172413793103449,0.6470588235294118,0.9333333333333333,0.5,0.7894736842105263,0.4166666666666667,0.5263157894736842,0.5625,0.7368421052631579
31,0.75,0.6764705882352942,0.75,0.6285714285714286,0.65,0.8181818181818182,0.4090909090909091,0.6666666666666666,0.6333333333333333,0.7272727272727273,0.25,0.38461538461538464,0.42105263157894735,0.6363636363636364,0.5925925925925926,0.36363636363636365,1.0,0.4411764705882353,0.75,0.5384615384615384,0.5,0.5333333333333333,0.7333333333333333
32,0.5714285714285714,0.5,0.7352941176470589,0.6129032258064516,0.7222222222222222,0.7058823529411765,0.375,0.7727272727272727,0.5789473684210527,0.64,0.35714285714285715,0.4444444444444444,0.5263157894736842,0.7857142857142857,0.5714285714285714,0.3076923076923077,0.9,0.5135135135135135,0.6666666666666666,0.5454545454545454,0.5625,0.3076923076923077,0.7
33,0.5416666666666666,0.5416666666666666,0.7073170731707317,0.6190476190476191,0.45454545454545453,0.625,0.4,0.9130434782608695,0.65,0.52,0.4666666666666667,0.3125,0.5,0.7368421052631579,0.5185185185185185,0.4,0.9285714285714286,0.5714285714285714,0.8125,0.5333333333333333,0.5,0.35714285714285715,0.7142857142857143
34,0.6666666666666666,0.6296296296296297,0.7804878048780488,0.75,0.21428571428571427,0.6875,0.35714285714285715,0.75,0.6451612903225806,0.4230769230769231,0.38461538461538464,0.3125,0.5625,0.5714285714285714,0.5172413793103449,0.4666666666666667,0.9285714285714286,0.4583333333333333,0.8421052631578947,0.5,0.42105263157894735,0.26666666666666666,0.7368421052631579
35,0.42424242424242425,0.7575757575757576,0.6818181818181818,0.5641025641025641,0.3333333333333333,0.7,0.5,0.5,0.5882352941176471,0.5666666666666667,0.3333333333333333,0.25,0.5789473684210527,0.4444444444444444,0.56,0.3333333333333333,0.9285714285714286,0.45454545454545453,0.8181818181818182,0.4166666666666667,0.38095238095238093,0.13333333333333333,0.7272727272727273
36,0.4444444444444444,0.6666666666666666,0.5897435897435898,0.5,0.5,0.5833333333333334,0.6470588235294118,0.8095238095238095,0.6333333333333333,0.6285714285714286,0.4090909090909091,0.4,0.4,0.6153846153846154,0.7142857142857143,0.21428571428571427,1.0,0.5121951219512195,0.7142857142857143,0.42857142857142855,0.2631578947368421,0.23076923076923078,0.6
37,0.5945945945945946,0.4,0.71875,0.5666666666666667,0.4375,0.6153846153846154,0.6111111111111112,0.8260869565217391,0.6428571428571429,0.65,0.4,0.375,0.3333333333333333,0.8571428571428571,0.6190476190476191,0.23076923076923078,0.6666666666666666,0.4358974358974359,0.8333333333333334,0.3684210526315789,0.4117647058823529,0.4,0.6428571428571429
38,0.5217391304347826,0.5625,0.6470588235294118,0.5833333333333334,0.55,0.5833333333333334,0.4,0.8095238095238095,0.6060606060606061,0.7073170731707317,0.25,0.47058823529411764,0.4,0.7142857142857143,0.6666666666666666,0.29411764705882354,0.7058823529411765,0.30303030303030304,0.9411764705882353,0.3888888888888889,0.5555555555555556,0.25,0.75
39,0.5238095238095238,0.6176470588235294,0.6857142857142857,0.6086956521739131,0.4166666666666667,0.8125,0.34782608695652173,0.8823529411764706,0.6875,0.6388888888888888,0.125,0.7,0.4,0.7222222222222222,0.7857142857142857,0.4117647058823529,0.8125,0.2916666666666667,0.8571428571428571,0.5,0.6111111111111112,0.23529411764705882,0.5833333333333334
40,0.5,0.5384615384615384,0.7878787878787878,0.6571428571428571,0.3333333333333333,0.8235294117647058,0.4230769230769231,0.7777777777777778,0.6206896551724138,0.5862068965517241,0.2727272727272727,0.4,0.2857142857142857,0.6923076923076923,0.6774193548387096,0.35714285714285715,0.8,0.4,0.8571428571428571,0.5909090909090909,0.6666666666666666,0.4666666666666667,0.6666666666666666
41,0.4642857142857143,0.42857142857142855,0.6774193548387096,0.5882352941176471,0.3888888888888889,0.5625,0.42105263157894735,0.5,0.56,0.39285714285714285,0.3684210526315789,0.5714285714285714,0.3,0.68,0.6071428571428571,0.3076923076923077,0.9,0.45161290322580644,0.8666666666666667,0.6153846153846154,0.55,0.75,0.8
42,0.6,0.5,0.7037037037037037,0.53125,0.5,0.7777777777777778,0.4375,0.5,0.6363636363636364,0.3333333333333333,0.4,0.5833333333333334,0.3684210526315789,0.9090909090909091,0.65,0.5555555555555556,0.8461538461538461,0.41935483870967744,0.875,0.5294117647058824,0.6,0.6,0.6428571428571429
43,0.5,0.5769230769230769,0.6896551724137931,0.6052631578947368,0.47619047619047616,0.8571428571428571,0.46153846153846156,0.75,0.5,0.6,0.5,0.3125,0.3684210526315789,0.7894736842105263,0.5652173913043478,0.5714285714285714,0.8,0.45454545454545453,0.8823529411764706,0.2,0.6666666666666666,0.4117647058823529,0.6111111111111112
44,0.46153846153846156,0.5454545454545454,0.6153846153846154,0.4857142857142857,0.2777777777777778,0.7692307692307693,0.46153846153846156,0.8571428571428571,0.4482758620689655,0.5454545454545454,0.5833333333333334,0.42105263157894735,0.3333333333333333,0.5882352941176471,0.4583333333333333,0.47058823529411764,0.7619047619047619,0.5882352941176471,0.7,0.26666666666666666,0.42857142857142855,0.26666666666666666,0.6923076923076923
45,0.5405405405405406,0.6,0.6666666666666666,0.5151515151515151,0.5,0.6923076923076923,0.5714285714285714,0.782608695652174,0.5862068965517241,0.41379310344827586,0.5,0.4666666666666667,0.35714285714285715,0.6923076923076923,0.39285714285714285,0.23529411764705882,0.7333333333333333,0.72,0.6666666666666666,0.5714285714285714,0.3076923076923077,0.25,0.8181818181818182
46,0.55,0.6176470588235294,0.7391304347826086,0.6071428571428571,0.6818181818181818,0.6,0.6666666666666666,0.7142857142857143,0.5555555555555556,0.43333333333333335,0.5217391304347826,0.4117647058823529,0.5,0.8,0.48484848484848486,0.29411764705882354,0.875,0.6,0.7142857142857143,0.5714285714285714,0.4,0.25,0.8181818181818182
47,0.5,0.6206896551724138,0.6206896551724138,0.5,0.6,0.8235294117647058,0.8333333333333334,0.7777777777777778,0.5862068965517241,0.43478260869565216,0.3157894736842105,0.5,0.8571428571428571,0.8,0.5925925925925926,0.35714285714285715,1.0,0.4642857142857143,0.8181818181818182,0.46153846153846156,0.4666666666666667,0.3333333333333333,0.8571428571428571
48,0.4,0.5333333333333333,0.6486486486486487,0.5,0.2916666666666667,0.8888888888888888,0.26666666666666666,0.8125,0.6756756756756757,0.41379310344827586,0.13333333333333333,0.4090909090909091,0.5217391304347826,0.9,0.6363636363636364,0.14285714285714285,0.875,0.5405405405405406,0.9523809523809523,0.6428571428571429,0.6923076923076923,0.21428571428571427,0.7727272727272727
49,0.42424242424242425,0.4722222222222222,0.71875,0.5185185185185185,0.15789473684210525,0.8571428571428571,0.21052631578947367,0.6470588235294118,0.5833333333333334,0.5294117647058824,0.3333333333333333,0.35294117647058826,0.2727272727272727,0.9230769230769231,0.5757575757575758,0.3157894736842105,0.85,0.65625,0.7727272727272727,0.7272727272727273,0.5714285714285714,0.15384615384615385,0.6875
50,0.4375,0.5666666666666667,0.7777777777777778,0.44,0.3125,0.7647058823529411,0.47058823529411764,0.5384615384615384,0.6,0.7083333333333334,0.5,0.45,0.47368421052631576,0.9,0.52,0.43478260869565216,0.8666666666666667,0.6764705882352942,0.7916666666666666,0.5454545454545454,0.6,0.5,0.75
51,0.5185185185185185,0.46153846153846156,0.7727272727272727,0.6153846153846154,0.46153846153846156,0.8125,0.5714285714285714,0.8181818181818182,0.5555555555555556,0.75,0.47058823529411764,0.4444444444444444,0.631578947368421,1.0,0.75,0.5294117647058824,0.7777777777777778,0.6944444444444444,0.8695652173913043,0.5,0.631578947368421,0.5555555555555556,0.6666666666666666
52,0.5384615384615384,0.4666666666666667,0.6470588235294118,0.6363636363636364,0.5,0.8571428571428571,0.5,0.8571428571428571,0.5,0.6666666666666666,0.47058823529411764,0.35714285714285715,0.5882352941176471,0.9090909090909091,0.6538461538461539,0.46153846153846156,0.9090909090909091,0.6666666666666666,0.8947368421052632,0.45454545454545453,0.6666666666666666,0.2,0.7692307692307693
53,0.5714285714285714,0.5806451612903226,0.64,0.48717948717948717,0.3076923076923077,0.6111111111111112,0.3,0.6875,0.5666666666666667,0.6296296296296297,0.3333333333333333,0.26666666666666666,0.4375,0.8823529411764706,0.5483870967741935,0.46153846153846156,0.8333333333333334,0.45161290322580644,0.75,0.4117647058823529,0.6111111111111112,0.3076923076923077,0.75
54,0.6,0.5454545454545454,0.6470588235294118,0.5151515151515151,0.36363636363636365,0.5555555555555556,0.35294117647058826,0.631578947368421,0.6363636363636364,0.6451612903225806,0.2631578947368421,0.29411764705882354,0.5882352941176471,0.9285714285714286,0.5,0.6666666666666666,0.7368421052631579,0.45454545454545453,0.625,0.4,0.47058823529411764,0.5,0.5555555555555556
55,0.5142857142857142,0.5384615384615384,0.6333333333333333,0.6538461538461539,0.5882352941176471,0.6875,0.35714285714285715,0.7272727272727273,0.7142857142857143,0.5588235294117647,0.2857142857142857,0.2,0.6111111111111112,1.0,0.5,0.6,0.8888888888888888,0.55,0.875,0.4444444444444444,0.4090909090909091,0.45,0.5714285714285714
56,0.46153846153846156,0.5,0.696969696969697,0.6774193548387096,0.5625,0.7647058823529411,0.5294117647058824,0.6842105263157895,0.6071428571428571,0.6,0.3333333333333333,0.21052631578947367,0.5,0.9230769230769231,0.5555555555555556,0.45454545454545453,0.9333333333333333,0.4166666666666667,1.0,0.4666666666666667,0.2857142857142857,0.4375,0.8181818181818182
57,0.48148148148148145,0.5,0.6486486486486487,0.6333333333333333,0.5,0.75,0.65,0.6,0.5,0.6551724137931034,0.2916666666666667,0.3157894736842105,0.46153846153846156,0.8235294117647058,0.6764705882352942,0.5,0.9166666666666666,0.48148148148148145,0.75,0.5384615384615384,0.5,0.3333333333333333,0.9411764705882353
58,0.4838709677419355,0.6129032258064516,0.6060606060606061,0.4827586206896552,0.5555555555555556,0.6,0.5,0.6470588235294118,0.45,0.5555555555555556,0.25,0.21739130434782608,0.2857142857142857,0.5882352941176471,0.717948717948718,0.6666666666666666,1.0,0.5757575757575758,0.8,0.6363636363636364,0.5,0.21428571428571427,0.85
59,0.3793103448275862,0.59375,0.6923076923076923,0.5517241379310345,0.4375,0.5625,0.2,0.5789473684210527,0.6,0.5675675675675675,0.5555555555555556,0.391304347826087,0.3684210526315789,0.625,0.6363636363636364,0.75,0.9411764705882353,0.4411764705882353,0.8,0.4166666666666667,0.26666666666666666,0.375,0.6
60,0.5161290322580645,0.5476190476190477,0.5384615384615384,0.5,0.36363636363636365,0.6,0.4166666666666667,0.6842105263157895,0.7058823529411765,0.6111111111111112,0.5909090909090909,0.6842105263157895,0.42857142857142855,0.8,0.42857142857142855,0.4444444444444444,0.8888888888888888,0.48484848484848486,0.7391304347826086,0.35714285714285715,0.09090909090909091,0.4,0.6111111111111112
61,0.6333333333333333,0.4878048780487805,0.6451612903225806,0.3076923076923077,0.45,0.7142857142857143,0.45454545454545453,0.7142857142857143,0.5769230769230769,0.6,0.4,0.3888888888888889,0.45454545454545453,0.7058823529411765,0.36666666666666664,0.391304347826087,0.9333333333333333,0.4,0.8636363636363636,0.47058823529411764,0.1875,0.2727272727272727,0.8125
62,0.5185185185185185,0.42857142857142855,0.71875,0.4642857142857143,0.5333333333333333,0.7692307692307693,0.18181818181818182,0.4583333333333333,0.64,0.6,0.375,0.3333333333333333,0.5294117647058824,0.7272727272727273,0.5,0.52,0.9047619047619048,0.3076923076923077,1.0,0.5625,0.5,0.25,0.6666666666666666
63,0.5483870967741935,0.5263157894736842,0.4642857142857143,0.5161290322580645,0.3888888888888889,0.5555555555555556,0.1111111111111111,0.39285714285714285,0.46153846153846156,0.5161290322580645,0.4,0.5384615384615384,0.35,0.6428571428571429,0.45161290322580644,0.5,0.65,0.4838709677419355,0.625,0.6428571428571429,0.75,0.46153846153846156,0.5714285714285714
64,0.5757575757575758,0.5,0.45454545454545453,0.48484848484848486,0.4375,0.4444444444444444,0.25,0.5185185185185185,0.2,0.3333333333333333,0.2727272727272727,0.6,0.3333333333333333,0.47619047619047616,0.27586206896551724,0.35714285714285715,0.35294117647058826,0.4838709677419355,0.4444444444444444,0.5263157894736842,0.5714285714285714,0.6,0.7777777777777778
65,0.5517241379310345,0.5,0.5384615384615384,0.47058823529411764,0.5,0.16666666666666666,0.5,0.7058823529411765,0.25,0.40625,0.15384615384615385,0.5384615384615384,0.42857142857142855,0.5,0.48484848484848486,0.3157894736842105,0.5789473684210527,0.36666666666666664,0.6666666666666666,0.36363636363636365,0.5333333333333333,0.6428571428571429,0.42857142857142855
66,0.5,0.5,0.5151515151515151,0.43333333333333335,0.47058823529411764,0.3076923076923077,0.5,0.6666666666666666,0.4117647058823529,0.48148148148148145,0.26666666666666666,0.375,0.5,0.5714285714285714,0.53125,0.35294117647058826,0.6428571428571429,0.34782608695652173,0.6111111111111112,0.4117647058823529,0.5,0.3888888888888889,0.4666666666666667
67,0.48,0.48,0.5483870967741935,0.37037037037037035,0.4444444444444444,0.7142857142857143,0.3333333333333333,0.35714285714285715,0.6153846153846154,0.375,0.2727272727272727,0.4117647058823529,0.5,0.5294117647058824,0.3103448275862069,0.3333333333333333,0.5333333333333333,0.3111111111111111,0.5,0.7272727272727273,0.625,0.17647058823529413,0.7272727272727273
68,0.5714285714285714,0.43243243243243246,0.5333333333333333,0.25,0.5,0.5714285714285714,0.3333333333333333,0.45454545454545453,0.53125,0.23529411764705882,0.42857142857142855,0.29411764705882354,0.42857142857142855,0.5333333333333333,0.2916666666666667,0.18181818181818182,0.6666666666666666,0.28125,0.5333333333333333,0.5555555555555556,0.5217391304347826,0.29411764705882354,0.35294117647058826
69,0.4,0.358974358974359,0.52,0.39285714285714285,0.5333333333333333,0.4666666666666667,0.3333333333333333,0.4,0.375,0.20689655172413793,0.4444444444444444,0.21428571428571427,0.43478260869565216,0.46153846153846156,0.2916666666666667,0.23529411764705882,0.5454545454545454,0.28,0.6428571428571429,0.25,0.36363636363636365,0.3157894736842105,0.42105263157894735
70,0.24324324324324326,0.35294117647058826,0.5,0.5135135135135135,0.35,0.5555555555555556,0.2857142857142857,0.5714285714285714,0.42424242424242425,0.2962962962962963,0.21428571428571427,0.2222222222222222,0.3,0.4117647058823529,0.43333333333333335,0.2,0.38461538461538464,0.27586206896551724,0.7142857142857143,0.16666666666666666,0.35,0.3333333333333333,0.5625
71,0.29411764705882354,0.3103448275862069,0.28125,0.4444444444444444,0.2857142857142857,0.625,0.3125,0.7692307692307693,0.4,0.4838709677419355,0.25,0.10526315789473684,0.14285714285714285,0.4375,0.5555555555555556,0.0,0.6666666666666666,0.35294117647058826,0.35,0.26666666666666666,0.25,0.3888888888888889,0.4375
72,0.35714285714285715,0.24,0.29411764705882354,0.3333333333333333,0.23076923076923078,0.35294117647058826,0.3125,0.38461538461538464,0.45454545454545453,0.5294117647058824,0.3,0.07142857142857142,0.35294117647058826,0.5,0.42857142857142855,0.07142857142857142,0.9166666666666666,0.391304347826087,0.3333333333333333,0.35294117647058826,0.2222222222222222,0.3333333333333333,0.47368421052631576
73,0.3076923076923077,0.3448275862068966,0.4444444444444444,0.35135135135135137,0.35714285714285715,0.29411764705882354,0.36363636363636365,0.4444444444444444,0.5862068965517241,0.4,0.3181818181818182,0.23529411764705882,0.375,0.47058823529411764,0.3125,0.25,0.5263157894736842,0.2962962962962963,0.5555555555555556,0.3125,0.2,0.2727272727272727,0.38095238095238093
74,0.14285714285714285,0.40540540540540543,0.5714285714285714,0.4594594594594595,0.45,0.5833333333333334,0.5555555555555556,0.6875,0.38235294117647056,0.3684210526315789,0.4090909090909091,0.2857142857142857,0.21428571428571427,0.5384615384615384,0.4,0.25,0.36,0.34375,0.42105263157894735,0.3125,0.3,0.26666666666666666,0.4
75,0.2777777777777778,0.38461538461538464,0.42857142857142855,0.45,0.3333333333333333,0.5,0.5,0.5384615384615384,0.3548387096774194,0.3,0.35714285714285715,0.3333333333333333,0.42857142857142855,0.6086956521739131,0.4,0.3333333333333333,0.3181818181818182,0.375,0.45454545454545453,0.5833333333333334,0.2222222222222222,0.15384615384615385,0.5555555555555556
76,0.3333333333333333,0.3333333333333333,0.34615384615384615,0.475,0.21052631578947367,0.6,0.4444444444444444,0.5625,0.46153846153846156,0.2647058823529412,0.2631578947368421,0.4444444444444444,0.4,0.5909090909090909,0.3611111111111111,0.2631578947368421,0.3,0.35,0.5,0.6,0.13333333333333333,0.125,0.5769230769230769
77,0.375,0.3157894736842105,0.5405405405405406,0.5555555555555556,0.23529411764705882,0.5,0.2777777777777778,0.625,0.52,0.34285714285714286,0.3181818181818182,0.42857142857142855,0.2222222222222222,0.6,0.46875,0.14285714285714285,0.46153846153846156,0.4,0.5217391304347826,0.45454545454545453,0.3333333333333333,0.14285714285714285,0.6428571428571429
78,0.5,0.5833333333333334,0.4857142857142857,0.3333333333333333,0.3684210526315789,0.35714285714285715,0.15384615384615385,0.6,0.53125,0.35714285714285715,0.35714285714285715,0.2857142857142857,0.2777777777777778,0.4,0.6521739130434783,0.16666666666666666,0.5,0.38095238095238093,0.7,0.3076923076923077,0.36363636363636365,0.17647058823529413,0.75
79,0.52,0.5172413793103449,0.45454545454545453,0.3870967741935484,0.4117647058823529,0.375,0.4166666666666667,0.5714285714285714,0.525,0.36363636363636365,0.42857142857142855,0.16666666666666666,0.23529411764705882,0.4166666666666667,0.36363636363636365,0.2631578947368421,0.7692307692307693,0.2962962962962963,0.6,0.25,0.125,0.15384615384615385,0.4375
80,0.5,0.16666666666666666,0.5909090909090909,0.5,0.21052631578947367,0.5,0.4,0.4375,0.4444444444444444,0.34285714285714286,0.42105263157894735,0.25,0.23076923076923078,0.6666666666666666,0.19047619047619047,0.4,0.4230769230769231,0.23333333333333334,0.4375,0.43478260869565216,0.4117647058823529,0.25,0.5263157894736842
81,0.38461538461538464,0.3548387096774194,0.4642857142857143,0.3333333333333333,0.2,0.7,0.4375,0.375,0.2857142857142857,0.3076923076923077,0.45,0.3333333333333333,0.46153846153846156,0.3076923076923077,0.3181818181818182,0.36363636363636365,0.3157894736842105,0.3611111111111111,0.3076923076923077,0.4375,0.5384615384615384,0.2777777777777778,0.8125
82,0.4117647058823529,0.3333333333333333,0.40625,0.29411764705882354,0.3125,0.5294117647058824,0.4,0.3125,0.2727272727272727,0.47619047619047616,0.47058823529411764,0.3181818181818182,0.4666666666666667,0.3333333333333333,0.40540540540540543,0.34615384615384615,0.7777777777777778,0.42105263157894735,0.45454545454545453,0.2,0.23529411764705882,0.3333333333333333,0.5
83,0.4827586206896552,0.2,0.41379310344827586,0.4666666666666667,0.2777777777777778,0.4090909090909091,0.1111111111111111,0.3076923076923077,0.38461538461538464,0.3870967741935484,0.4,0.35,0.36363636363636365,0.5,0.42857142857142855,0.3333333333333333,0.5263157894736842,0.3448275862068966,0.625,0.3333333333333333,0.47058823529411764,0.3125,0.3333333333333333
84,0.38095238095238093,0.21052631578947367,0.5185185185185185,0.5172413793103449,0.3125,0.42105263157894735,0.1,0.5,0.2962962962962963,0.36363636363636365,0.35294117647058826,0.5263157894736842,0.15384615384615385,0.4,0.34782608695652173,0.23809523809523808,0.48,0.4,0.5263157894736842,0.35,0.4666666666666667,0.2,0.47619047619047616
85,0.2222222222222222,0.3225806451612903,0.4827586206896552,0.4838709677419355,0.4666666666666667,0.46153846153846156,0.35714285714285715,0.3684210526315789,0.32142857142857145,0.47619047619047616,0.23529411764705882,0.4444444444444444,0.375,0.46153846153846156,0.34615384615384615,0.25,0.5555555555555556,0.3870967741935484,0.5,0.3333333333333333,0.25,0.3125,0.5238095238095238
86,0.35,0.3793103448275862,0.28125,0.4482758620689655,0.4117647058823529,0.3076923076923077,0.45454545454545453,0.5263157894736842,0.5384615384615384,0.4074074074074074,0.38461538461538464,0.25,0.4666666666666667,0.5454545454545454,0.4666666666666667,0.4166666666666667,0.4,0.2,0.5625,0.5,0.29411764705882354,0.23076923076923078,0.52
87,0.3103448275862069,0.3235294117647059,0.35714285714285715,0.46153846153846156,0.2857142857142857,0.2857142857142857,0.375,0.5294117647058824,0.3793103448275862,0.40625,0.4444444444444444,0.23529411764705882,0.2857142857142857,0.16666666666666666,0.45161290322580644,0.4,0.6111111111111112,0.25925925925925924,0.6666666666666666,0.5,0.2857142857142857,0.16666666666666666,0.59375
88,0.35714285714285715,0.40540540540540543,0.6,0.5172413793103449,0.4,0.25,0.25,0.18181818181818182,0.2903225806451613,0.36,0.25,0.07142857142857142,0.4117647058823529,0.3,0.40625,0.3333333333333333,0.6111111111111112,0.5,0.6111111111111112,0.46153846153846156,0.46153846153846156,0.25,0.65
89,0.4230769230769231,0.3783783783783784,0.5416666666666666,0.4117647058823529,0.5,0.5,0.5,0.3,0.3,0.32,0.3076923076923077,0.14285714285714285,0.42857142857142855,0.6111111111111112,0.3611111111111111,0.375,0.47058823529411764,0.45714285714285713,0.5714285714285714,0.45,0.45454545454545453,0.3076923076923077,0.38461538461538464
90,0.38095238095238093,0.36585365853658536,0.41379310344827586,0.4444444444444444,0.4166666666666667,0.4444444444444444,0.47619047619047616,0.4166666666666667,0.48148148148148145,0.3793103448275862,0.5,0.4,0.18181818181818182,0.5263157894736842,0.21875,0.3076923076923077,0.631578947368421,0.32432432432432434,0.6923076923076923,0.5,0.25,0.3333333333333333,0.35714285714285715
91,0.36,0.39473684210526316,0.43333333333333335,0.5357142857142857,0.3888888888888889,0.2222222222222222,0.3125,0.5,0.5714285714285714,0.40625,0.3076923076923077,0.3888888888888889,0.3125,0.7058823529411765,0.17391304347826086,0.16666666666666666,0.47058823529411764,0.3333333333333333,0.47368421052631576,0.4117647058823529,0.4,0.1,0.3333333333333333
92,0.36666666666666664,0.3055555555555556,0.46153846153846156,0.4444444444444444,0.3888888888888889,0.22727272727272727,0.4,0.46153846153846156,0.4,0.3333333333333333,0.0,0.3125,0.45,0.6,0.38461538461538464,0.26666666666666666,0.25,0.3793103448275862,0.45454545454545453,0.26666666666666666,0.43478260869565216,0.26666666666666666,0.3157894736842105
93,0.4166666666666667,0.3076923076923077,0.4666666666666667,0.5,0.3333333333333333,0.14285714285714285,0.45454545454545453,0.26666666666666666,0.34615384615384615,0.3333333333333333,0.09090909090909091,0.2,0.5,0.35294117647058826,0.4827586206896552,0.35,0.7,0.3793103448275862,0.4444444444444444,0.2727272727272727,0.44,0.2222222222222222,0.46153846153846156
94,0.3142857142857143,0.4642857142857143,0.43333333333333335,0.5405405405405406,0.375,0.2777777777777778,0.38461538461538464,0.5882352941176471,0.2857142857142857,0.3333333333333333,0.125,0.23529411764705882,0.4444444444444444,0.35294117647058826,0.3548387096774194,0.25,0.47619047619047616,0.37037037037037035,0.375,0.25,0.5,0.125,0.4166666666666667
95,0.2702702702702703,0.46153846153846156,0.25,0.32142857142857145,0.35294117647058826,0.3125,0.2857142857142857,0.6666666666666666,0.5,0.43478260869565216,0.26666666666666666,0.15789473684210525,0.3,0.4666666666666667,0.3939393939393939,0.2857142857142857,0.38461538461538464,0.3125,0.5294117647058824,0.1111111111111111,0.5,0.25,0.47368421052631576
96,0.3235294117647059,0.35135135135135137,0.2,0.3333333333333333,0.2631578947368421,0.5416666666666666,0.21739130434782608,0.36363636363636365,0.5714285714285714,0.5217391304347826,0.3333333333333333,0.0,0.3684210526315789,0.5454545454545454,0.4166666666666667,0.3333333333333333,0.5833333333333334,0.24324324324324326,0.5333333333333333,0.2,0.5,0.2222222222222222,0.5454545454545454
97,0.375,0.35294117647058826,0.39285714285714285,0.37037037037037035,0.38095238095238093,0.5517241379310345,0.15384615384615385,0.38461538461538464,0.2857142857142857,0.23333333333333334,0.42857142857142855,0.0,0.46153846153846156,0.25,0.42424242424242425,0.14285714285714285,0.5714285714285714,0.19230769230769232,0.5625,0.1875,0.5555555555555556,0.07692307692307693,0.3888888888888889
98,0.3793103448275862,0.2916666666666667,0.5555555555555556,0.4,0.5,0.3157894736842105,0.4166666666666667,0.45454545454545453,0.3870967741935484,0.1724137931034483,0.631578947368421,0.18181818181818182,0.5714285714285714,0.1875,0.4444444444444444,0.14285714285714285,0.5714285714285714,0.15789473684210525,0.47368421052631576,0.3888888888888889,0.3157894736842105,0.29411764705882354,0.35294117647058826
99,0.35135135135135137,0.28,0.5,0.5263157894736842,0.3,0.3333333333333333,0.2857142857142857,0.5294117647058824,0.5238095238095238,0.36,0.4166666666666667,0.26666666666666666,0.29411764705882354,0.35294117647058826,0.45161290322580644,0.3125,0.45454545454545453,0.25925925925925924,0.4375,0.4117647058823529,0.2608695652173913,0.46153846153846156,0.5454545454545454
100,0.3333333333333333,0.3448275862068966,0.4146341463414634,0.42857142857142855,0.4,0.46153846153846156,0.21428571428571427,0.5714285714285714,0.3181818181818182,0.43478260869565216,0.25,0.3076923076923077,0.42857142857142855,0.3157894736842105,0.5925925925925926,0.4166666666666667,0.3333333333333333,0.3548387096774194,0.5333333333333333,0.23076923076923078,0.375,0.25,0.375
101,0.40625,0.34375,0.4375,0.3333333333333333,0.42857142857142855,0.47368421052631576,0.5,0.38461538461538464,0.2692307692307692,0.38095238095238093,0.3684210526315789,0.38461538461538464,0.5555555555555556,0.3125,0.4838709677419355,0.3333333333333333,1.0,0.43333333333333335,0.6153846153846154,0.3,0.4,0.375,0.5
102,0.55,0.4,0.5333333333333333,0.2727272727272727,0.3,0.47058823529411764,0.375,0.3333333333333333,0.375,0.25806451612903225,0.2631578947368421,0.36363636363636365,0.2,0.4,0.35714285714285715,0.2631578947368421,0.8181818181818182,0.4444444444444444,0.7647058823529411,0.4166666666666667,0.38461538461538464,0.4375,0.72
103,0.36,0.5,0.46875,0.24,0.2857142857142857,0.35294117647058826,0.2222222222222222,0.6428571428571429,0.4074074074074074,0.3333333333333333,0.21739130434782608,0.4166666666666667,0.13333333333333333,0.4375,0.40625,0.26666666666666666,0.5555555555555556,0.4,0.6111111111111112,0.42857142857142855,0.45,0.25,0.6363636363636364
104,0.3225806451612903,0.45,0.36363636363636365,0.3181818181818182,0.29411764705882354,0.2727272727272727,0.28,0.4230769230769231,0.3548387096774194,0.46153846153846156,0.3,0.47058823529411764,0.5,0.38461538461538464,0.4722222222222222,0.4,0.5,0.5416666666666666,0.23529411764705882,0.4,0.5294117647058824,0.25,0.5
105,0.41935483870967744,0.4444444444444444,0.3939393939393939,0.3333333333333333,0.47368421052631576,0.5,0.5,0.2916666666666667,0.36,0.3870967741935484,0.4166666666666667,0.25,0.47058823529411764,0.46153846153846156,0.46875,0.3157894736842105,0.4117647058823529,0.41379310344827586,0.2777777777777778,0.4,0.4666666666666667,0.25,0.631578947368421
106,0.48148148148148145,0.5151515151515151,0.3870967741935484,0.35294117647058826,0.6470588235294118,0.7272727272727273,0.5,0.35714285714285715,0.4666666666666667,0.2692307692307692,0.2777777777777778,0.08333333333333333,0.3125,0.5882352941176471,0.44,0.2,0.6666666666666666,0.3142857142857143,0.6,0.38461538461538464,0.42857142857142855,0.29411764705882354,0.65
107,0.4166666666666667,0.45714285714285713,0.391304347826087,0.5,0.6153846153846154,0.5,0.21052631578947367,0.5714285714285714,0.55,0.2608695652173913,0.19047619047619047,0.2222222222222222,0.2777777777777778,0.5714285714285714,0.5,0.23076923076923078,0.6666666666666666,0.375,0.6666666666666666,0.25,0.25,0.3333333333333333,0.6666666666666666
108,0.36,0.375,0.5714285714285714,0.5,0.26666666666666666,0.4090909090909091,0.35,0.375,0.5588235294117647,0.37142857142857144,0.25,0.23076923076923078,0.4090909090909091,0.5,0.5135135135135135,0.38095238095238093,0.2727272727272727,0.4411764705882353,0.4444444444444444,0.2,0.30434782608695654,0.16666666666666666,0.4666666666666667
109,0.42857142857142855,0.42857142857142855,0.4666666666666667,0.5555555555555556,0.2,0.4583333333333333,0.5,0.36363636363636365,0.5588235294117647,0.37142857142857144,0.2222222222222222,0.2,0.5217391304347826,0.4,0.5,0.30434782608695654,0.4444444444444444,0.4838709677419355,0.5,0.25,0.5,0.25,0.35294117647058826
110,0.4642857142857143,0.4444444444444444,0.2692307692307692,0.42105263157894735,0.6666666666666666,0.6,0.38461538461538464,0.5,0.4074074074074074,0.3448275862068966,0.3181818181818182,0.3076923076923077,0.45,0.23809523809523808,0.4838709677419355,0.2,0.6,0.3181818181818182,0.8235294117647058,0.25,0.35714285714285715,0.5333333333333333,0.4375
111,0.4666666666666667,0.3870967741935484,0.36363636363636365,0.3076923076923077,0.5625,0.6666666666666666,0.3125,0.4375,0.3076923076923077,0.3103448275862069,0.25,0.16666666666666666,0.45,0.28,0.4827586206896552,0.3125,0.4375,0.25,0.7333333333333333,0.2857142857142857,0.3333333333333333,0.55,0.3333333333333333
112,0.45714285714285713,0.4722222222222222,0.41379310344827586,0.5,0.3076923076923077,0.4375,0.47368421052631576,0.5714285714285714,0.40625,0.39285714285714285,0.07692307692307693,0.05,0.35,0.5,0.42857142857142855,0.375,0.375,0.24,0.375,0.36363636363636365,0.5263157894736842,0.32,0.4
113,0.4117647058823529,0.3684210526315789,0.4090909090909091,0.4642857142857143,0.23076923076923078,0.4090909090909091,0.4583333333333333,0.29411764705882354,0.3103448275862069,0.4722222222222222,0.3076923076923077,0.09090909090909091,0.2631578947368421,0.5,0.39285714285714285,0.3157894736842105,0.5,0.20689655172413793,0.5882352941176471,0.3684210526315789,0.5769230769230769,0.3157894736842105,0.42857142857142855
114,0.3333333333333333,0.24242424242424243,0.38461538461538464,0.3333333333333333,0.3333333333333333,0.42105263157894735,0.3181818181818182,0.3888888888888889,0.10526315789473684,0.4722222222222222,0.375,0.3333333333333333,0.46153846153846156,0.4,0.5416666666666666,0.29411764705882354,0.5454545454545454,0.29411764705882354,0.65,0.29411764705882354,0.625,0.38461538461538464,0.3125
115,0.3333333333333333,0.3870967741935484,0.36666666666666664,0.46153846153846156,0.2727272727272727,0.5,0.35294117647058826,0.6,0.25,0.48,0.3125,0.42857142857142855,0.5555555555555556,0.4,0.4666666666666667,0.2,0.5454545454545454,0.24242424242424243,0.5,0.38461538461538464,0.5454545454545454,0.21428571428571427,0.4666666666666667
116,0.4594594594594595,0.4878048780487805,0.34615384615384615,0.42857142857142855,0.3333333333333333,0.6,0.38095238095238093,0.38461538461538464,0.3793103448275862,0.4090909090909091,0.3125,0.4444444444444444,0.3,0.5333333333333333,0.4411764705882353,0.2,0.5416666666666666,0.34210526315789475,0.5,0.5,0.2,0.21428571428571427,0.47058823529411764
117,0.45,0.4,0.4074074074074074,0.28,0.3157894736842105,0.45454545454545453,0.2,0.42857142857142855,0.35,0.3076923076923077,0.4,0.3333333333333333,0.3125,0.4666666666666667,0.6060606060606061,0.15,0.6,0.34210526315789475,0.5625,0.5,0.47619047619047616,0.4166666666666667,0.375
118,0.37209302325581395,0.3939393939393939,0.44,0.4444444444444444,0.3157894736842105,0.5,0.125,0.5625,0.3103448275862069,0.41379310344827586,0.35294117647058826,0.375,0.3888888888888889,0.3333333333333333,0.5483870967741935,0.05555555555555555,0.42105263157894735,0.23333333333333334,0.47368421052631576,0.391304347826087,0.48,0.5384615384615384,0.46153846153846156
119,0.2903225806451613,0.5,0.5,0.5,0.3333333333333333,0.47058823529411764,0.35714285714285715,0.5384615384615384,0.48,0.4117647058823529,0.25,0.18181818181818182,0.26666666666666666,0.5,0.42105263157894735,0.07692307692307693,0.35294117647058826,0.28,0.7222222222222222,0.2857142857142857,0.43478260869565216,0.5,0.5909090909090909
120,0.2857142857142857,0.43243243243243246,0.5357142857142857,0.30434782608695654,0.35294117647058826,0.5652173913043478,0.4666666666666667,0.5,0.5384615384615384,0.3783783783783784,0.25,0.2857142857142857,0.2,0.4,0.4,0.16666666666666666,0.5,0.2857142857142857,0.7058823529411765,0.1,0.6,0.35294117647058826,0.6111111111111112
121,0.43333333333333335,0.4117647058823529,0.44,0.13043478260869565,0.45,0.47619047619047616,0.46153846153846156,0.5555555555555556,0.35714285714285715,0.5526315789473685,0.5714285714285714,0.35714285714285715,0.4666666666666667,0.35294117647058826,0.45454545454545453,0.25,0.36363636363636365,0.36,0.4375,0.36363636363636365,0.4,0.25,0.36363636363636365
122,0.4,0.45454545454545453,0.39285714285714285,0.32142857142857145,0.3888888888888889,0.6086956521739131,0.4166666666666667,0.5217391304347826,0.375,0.6,0.5238095238095238,0.1875,0.6,0.3157894736842105,0.6071428571428571,0.2857142857142857,0.1111111111111111,0.5,0.6470588235294118,0.38461538461538464,0.36363636363636365,0.16666666666666666,0.3333333333333333
123,0.2903225806451613,0.4230769230769231,0.48148148148148145,0.41379310344827586,0.2857142857142857,0.6666666666666666,0.38095238095238093,0.5,0.4166666666666667,0.5238095238095238,0.4,0.17647058823529413,0.38461538461538464,0.26666666666666666,0.5333333333333333,0.36363636363636365,0.46153846153846156,0.5,0.5555555555555556,0.4,0.35294117647058826,0.2631578947368421,0.5
124,0.28125,0.41379310344827586,0.48,0.30434782608695654,0.3333333333333333,0.5294117647058824,0.391304347826087,0.5,0.3870967741935484,0.5,0.3125,0.2777777777777778,0.3157894736842105,0.3333333333333333,0.42424242424242425,0.2857142857142857,0.625,0.4482758620689655,0.4,0.3888888888888889,0.35,0.5555555555555556,0.7142857142857143
125,0.4,0.5384615384615384,0.42857142857142855,0.3888888888888889,0.3333333333333333,0.5909090909090909,0.35294117647058826,0.4074074074074074,0.3333333333333333,0.4444444444444444,0.1875,0.26666666666666666,0.3181818181818182,0.4375,0.4,0.23529411764705882,0.38461538461538464,0.46153846153846156,0.4,0.4,0.42857142857142855,0.6153846153846154,0.5
126,0.4375,0.5806451612903226,0.4444444444444444,0.5652173913043478,0.42857142857142855,0.4782608695652174,0.3333333333333333,0.35,0.4864864864864865,0.4230769230769231,0.29411764705882354,0.13333333333333333,0.35714285714285715,0.42857142857142855,0.3793103448275862,0.5,0.3,0.3181818181818182,0.5,0.4444444444444444,0.42105263157894735,0.45454545454545453,0.14285714285714285
127,0.4722222222222222,0.40476190476190477,0.48484848484848486,0.46153846153846156,0.47368421052631576,0.5882352941176471,0.3888888888888889,0.5384615384615384,0.525,0.4117647058823529,0.3076923076923077,0.2777777777777778,0.38461538461538464,0.5217391304347826,0.25925925925925924,0.3333333333333333,0.5,0.45454545454545453,0.4444444444444444,0.23529411764705882,0.42857142857142855,0.35714285714285715,0.14285714285714285
128,0.5135135135135135,0.3157894736842105,0.56,0.19230769230769232,0.43478260869565216,0.42857142857142855,0.23529411764705882,0.6923076923076923,0.4666666666666667,0.46875,0.0,0.3684210526315789,0.25,0.5,0.2727272727272727,0.3181818181818182,0.5625,0.5428571428571428,0.47368421052631576,0.3125,0.5882352941176471,0.42857142857142855,0.46153846153846156
129,0.5,0.4117647058823529,0.47619047619047616,0.39285714285714285,0.4,0.42857142857142855,0.15384615384615385,0.42857142857142855,0.3103448275862069,0.5185185185185185,0.4166666666666667,0.35294117647058826,0.2631578947368421,0.2857142857142857,0.34285714285714286,0.4666666666666667,0.42857142857142855,0.4166666666666667,0.5789473684210527,0.4117647058823529,0.5555555555555556,0.5294117647058824,0.7333333333333333
130,0.2857142857142857,0.42857142857142855,0.45161290322580644,0.4838709677419355,0.25,0.6521739130434783,0.38461538461538464,0.21739130434782608,0.2,0.5357142857142857,0.46153846153846156,0.29411764705882354,0.35714285714285715,0.5,0.3611111111111111,0.35714285714285715,0.3333333333333333,0.34615384615384615,0.6428571428571429,0.47368421052631576,0.42857142857142855,0.26666666666666666,0.5
131,0.3023255813953488,0.3939393939393939,0.48717948717948717,0.3333333333333333,0.25,0.5625,0.3076923076923077,0.30434782608695654,0.41379310344827586,0.375,0.3333333333333333,0.2857142857142857,0.46153846153846156,0.47368421052631576,0.35714285714285715,0.1875,0.6470588235294118,0.5,0.6875,0.6153846153846154,0.4375,0.3,0.29411764705882354
132,0.3684210526315789,0.48148148148148145,0.36666666666666664,0.41935483870967744,0.5333333333333333,0.42857142857142855,0.5,0.5384615384615384,0.4827586206896552,0.375,0.4,0.3181818181818182,0.4,0.23529411764705882,0.38095238095238093,0.22727272727272727,0.5,0.4411764705882353,0.5238095238095238,0.35714285714285715,0.6470588235294118,0.35294117647058826,0.23076923076923078
133,0.30303030303030304,0.5882352941176471,0.48148148148148145,0.48148148148148145,0.4117647058823529,0.375,0.5625,0.6,0.4782608695652174,0.5769230769230769,0.16666666666666666,0.23529411764705882,0.4166666666666667,0.2727272727272727,0.4117647058823529,0.3157894736842105,0.35294117647058826,0.28,0.45454545454545453,0.4444444444444444,0.625,0.25,0.38461538461538464
134,0.4,0.4074074074074074,0.5833333333333334,0.25925925925925924,0.15384615384615385,0.3333333333333333,0.5294117647058824,0.4666666666666667,0.5,0.43478260869565216,0.1,0.47058823529411764,0.42105263157894735,0.3157894736842105,0.4146341463414634,0.4166666666666667,0.5,0.40625,0.45,0.47058823529411764,0.26666666666666666,0.2222222222222222,0.3333333333333333
135,0.375,0.4411764705882353,0.5789473684210527,0.3783783783783784,0.3157894736842105,0.35714285714285715,0.3333333333333333,0.5625,0.39285714285714285,0.39285714285714285,0.2222222222222222,0.4,0.42857142857142855,0.5,0.3333333333333333,0.3125,0.42857142857142855,0.45454545454545453,0.4166666666666667,0.23076923076923078,0.2857142857142857,0.375,0.25
136,0.30434782608695654,0.4827586206896552,0.4864864864864865,0.5,0.39285714285714285,0.5882352941176471,0.13333333333333333,0.6363636363636364,0.2962962962962963,0.4666666666666667,0.3125,0.19047619047619047,0.42857142857142855,0.5416666666666666,0.28,0.2857142857142857,0.6363636363636364,0.42857142857142855,0.48,0.3888888888888889,0.6,0.46153846153846156,0.3333333333333333
137,0.391304347826087,0.4166666666666667,0.4444444444444444,0.45,0.43478260869565216,0.625,0.4166666666666667,0.6153846153846154,0.3333333333333333,0.3225806451612903,0.16666666666666666,0.4375,0.2631578947368421,0.4666666666666667,0.4074074074074074,0.2777777777777778,0.6428571428571429,0.32142857142857145,0.6666666666666666,0.4375,0.3125,0.4666666666666667,0.6
138,0.41379310344827586,0.44,0.34375,0.5238095238095238,0.4117647058823529,0.47368421052631576,0.5555555555555556,0.5833333333333334,0.46875,0.2222222222222222,0.0,0.5,0.2857142857142857,0.5,0.6129032258064516,0.2727272727272727,0.4444444444444444,0.5172413793103449,0.5833333333333334,0.3,0.3333333333333333,0.5714285714285714,0.52
139,0.41935483870967744,0.45454545454545453,0.24,0.5263157894736842,0.4117647058823529,0.5833333333333334,0.6,0.3,0.47058823529411764,0.3103448275862069,0.2727272727272727,0.38461538461538464,0.7,0.4090909090909091,0.5925925925925926,0.2857142857142857,0.4444444444444444,0.5454545454545454,0.4,0.5,0.6153846153846154,0.35294117647058826,0.5217391304347826
140,0.3333333333333333,0.4375,0.5294117647058824,0.3181818181818182,0.3333333333333333,0.6923076923076923,0.625,0.5,0.32142857142857145,0.4,0.5,0.42857142857142855,0.5882352941176471,0.42857142857142855,0.2962962962962963,0.3,0.6363636363636364,0.37037037037037035,0.6153846153846154,0.5555555555555556,0.6,0.3684210526315789,0.5714285714285714
141,0.3235294117647059,0.42857142857142855,0.4782608695652174,0.3076923076923077,0.38095238095238093,0.4,0.4444444444444444,0.6428571428571429,0.375,0.3548387096774194,0.5333333333333333,0.3888888888888889,0.4117647058823529,0.5294117647058824,0.44,0.3076923076923077,0.5,0.40540540540540543,0.6,0.35714285714285715,0.5384615384615384,0.4,0.5
142,0.4838709677419355,0.391304347826087,0.42857142857142855,0.3157894736842105,0.5333333333333333,0.35714285714285715,0.35294117647058826,0.5294117647058824,0.4,0.45714285714285713,0.3076923076923077,0.2777777777777778,0.375,0.45,0.7391304347826086,0.36363636363636365,0.5333333333333333,0.34146341463414637,0.5,0.2,0.35,0.15384615384615385,0.9
143,0.5714285714285714,0.3333333333333333,0.48484848484848486,0.3333333333333333,0.46153846153846156,0.5294117647058824,0.3076923076923077,0.4,0.42857142857142855,0.5151515151515151,0.0625,0.3076923076923077,0.3333333333333333,0.4,0.6,0.3076923076923077,0.7222222222222222,0.34210526315789475,0.6190476190476191,0.2222222222222222,0.2,0.2777777777777778,0.5625
144,0.36666666666666664,0.2857142857142857,0.39285714285714285,0.3333333333333333,0.3333333333333333,0.5,0.3333333333333333,0.3888888888888889,0.5172413793103449,0.4444444444444444,0.2222222222222222,0.23076923076923078,0.38095238095238093,0.5,0.32142857142857145,0.5,0.45,0.45454545454545453,0.631578947368421,0.2727272727272727,0.38095238095238093,0.4166666666666667,0.3333333333333333
145,0.3142857142857143,0.46153846153846156,0.4,0.3103448275862069,0.26666666666666666,0.47619047619047616,0.375,0.47368421052631576,0.5,0.30434782608695654,0.3076923076923077,0.07142857142857142,0.5,0.5263157894736842,0.3548387096774194,0.5,0.3333333333333333,0.5151515151515151,0.46153846153846156,0.38461538461538464,0.4,0.3888888888888889,0.5
146,0.3888888888888889,0.41935483870967744,0.48484848484848486,0.3793103448275862,0.23529411764705882,0.5652173913043478,0.3333333333333333,0.6153846153846154,0.4,0.2962962962962963,0.36363636363636365,0.2777777777777778,0.3333333333333333,0.4,0.42857142857142855,0.4117647058823529,0.631578947368421,0.375,0.5789473684210527,0.4666666666666667,0.4117647058823529,0.4117647058823529,0.6923076923076923
147,0.40625,0.37037037037037035,0.43333333333333335,0.34615384615384615,0.29411764705882354,0.5333333333333333,0.2857142857142857,0.5333333333333333,0.3333333333333333,0.42424242424242425,0.5294117647058824,0.47368421052631576,0.15384615384615385,0.4583333333333333,0.36666666666666664,0.2777777777777778,0.5789473684210527,0.30303030303030304,0.5714285714285714,0.5,0.4782608695652174,0.3888888888888889,0.5882352941176471
148,0.36666666666666664,0.3939393939393939,0.5862068965517241,0.3225806451612903,0.5294117647058824,0.3684210526315789,0.3125,0.20833333333333334,0.5,0.4444444444444444,0.391304347826087,0.5333333333333333,0.2857142857142857,0.56,0.3333333333333333,0.21052631578947367,0.3333333333333333,0.41935483870967744,0.35714285714285715,0.23529411764705882,0.42105263157894735,0.375,0.4444444444444444
149,0.40625,0.35135135135135137,0.6774193548387096,0.42857142857142855,0.4117647058823529,0.4,0.4444444444444444,0.21739130434782608,0.5172413793103449,0.28125,0.23529411764705882,0.47058823529411764,0.3,0.6428571428571429,0.5,0.2727272727272727,0.47368421052631576,0.6363636363636364,0.42857142857142855,0.06666666666666667,0.5384615384615384,0.3125,0.5
150,0.45454545454545453,0.45454545454545453,0.4375,0.5757575757575758,0.22727272727272727,0.6153846153846154,0.29411764705882354,0.5,0.45454545454545453,0.25,0.1111111111111111,0.46153846153846156,0.4,0.35714285714285715,0.52,0.20833333333333334,0.5333333333333333,0.625,0.6666666666666666,0.1111111111111111,0.4666666666666667,0.4117647058823529,0.5
151,0.47619047619047616,0.45161290322580644,0.5161290322580645,0.45,0.16666666666666666,0.4666666666666667,0.14285714285714285,0.7142857142857143,0.5517241379310345,0.3055555555555556,0.4444444444444444,0.5,0.42857142857142855,0.3888888888888889,0.5,0.3181818181818182,0.5384615384615384,0.4782608695652174,0.6842105263157895,0.2222222222222222,0.4,0.38095238095238093,0.35294117647058826
152,0.39285714285714285,0.45161290322580644,0.6551724137931034,0.4,0.17647058823529413,0.35714285714285715,0.35714285714285715,0.4375,0.5769230769230769,0.36666666666666664,0.5,0.2,0.4166666666666667,0.5,0.5666666666666667,0.47368421052631576,0.6,0.5263157894736842,0.5625,0.2857142857142857,0.5294117647058824,0.15384615384615385,0.5454545454545454
153,0.4230769230769231,0.4827586206896552,0.4230769230769231,0.5517241379310345,0.3,0.55,0.4166666666666667,0.5,0.44,0.5925925925925926,0.4375,0.18181818181818182,0.6,0.625,0.5,0.46153846153846156,0.6,0.55,0.6153846153846154,0.4375,0.8333333333333334,0.375,0.7692307692307693
154,0.4444444444444444,0.5925925925925926,0.5,0.5517241379310345,0.375,0.7894736842105263,0.3333333333333333,0.7692307692307693,0.39285714285714285,0.6153846153846154,0.4666666666666667,0.25,0.6,1.0,0.5428571428571428,0.4375,0.8,0.5217391304347826,0.8666666666666667,0.6,0.5555555555555556,0.6,0.7857142857142857
155,0.35294117647058826,0.6086956521739131,0.7037037037037037,0.5294117647058824,0.42857142857142855,0.8823529411764706,0.3333333333333333,0.625,0.5263157894736842,0.44,0.3888888888888889,0.23809523809523808,0.47368421052631576,1.0,0.5675675675675675,0.4,0.7857142857142857,0.5925925925925926,0.8,0.6111111111111112,0.4666666666666667,0.5,0.6666666666666666
156,0.6363636363636364,0.44,0.6923076923076923,0.6216216216216216,0.38461538461538464,0.8235294117647058,0.3333333333333333,0.4666666666666667,0.7619047619047619,0.4230769230769231,0.35,0.25,0.45454545454545453,1.0,0.6176470588235294,0.23529411764705882,0.9166666666666666,0.5862068965517241,0.7619047619047619,0.48,0.45454545454545453,0.3888888888888889,0.5833333333333334
157,0.5277777777777778,0.48148148148148145,0.7083333333333334,0.6216216216216216,0.375,0.8571428571428571,0.23529411764705882,0.5,0.6551724137931034,0.4642857142857143,0.25,0.4,0.6,1.0,0.6764705882352942,0.47619047619047616,0.9333333333333333,0.48148148148148145,0.7368421052631579,0.4,0.5,0.38461538461538464,0.8181818181818182
158,0.4375,0.68,0.6666666666666666,0.5882352941176471,0.6,0.6923076923076923,0.2857142857142857,0.7142857142857143,0.5416666666666666,0.46153846153846156,0.125,0.47368421052631576,0.55,0.9285714285714286,0.6129032258064516,0.5909090909090909,0.8666666666666667,0.4230769230769231,0.7272727272727273,0.46153846153846156,0.6428571428571429,0.5,0.9
159,0.5,0.7586206896551724,0.6071428571428571,0.5882352941176471,0.5625,0.45454545454545453,0.42857142857142855,0.4444444444444444,0.5,0.5238095238095238,0.36363636363636365,0.4444444444444444,0.42857142857142855,0.8571428571428571,0.5833333333333334,0.6470588235294118,0.8666666666666667,0.5428571428571428,0.8421052631578947,0.2857142857142857,0.7333333333333333,0.5,0.9166666666666666
160,0.4642857142857143,0.68,0.7,0.5555555555555556,0.55,0.5,0.3684210526315789,0.45454545454545453,0.5384615384615384,0.3793103448275862,0.4375,0.4444444444444444,0.6428571428571429,0.8095238095238095,0.42857142857142855,0.5,0.8571428571428571,0.5641025641025641,0.875,0.36363636363636365,0.625,0.3333333333333333,0.9230769230769231
161,0.5,0.6086956521739131,0.72,0.5217391304347826,0.6190476190476191,0.7368421052631579,0.42857142857142855,0.6666666666666666,0.5483870967741935,0.48,0.4,0.5384615384615384,0.7692307692307693,0.782608695652174,0.5789473684210527,0.16666666666666666,0.782608695652174,0.5862068965517241,0.8125,0.7272727272727273,0.5,0.4,0.875
162,0.5,0.6818181818181818,0.7931034482758621,0.5161290322580645,0.6,0.9333333333333333,0.6875,0.6,0.6,0.5535714285714286,0.38461538461538464,0.2916666666666667,0.5454545454545454,0.8695652173913043,0.71875,0.14285714285714285,0.65,0.5217391304347826,0.75,0.75,0.4375,0.4666666666666667,0.7619047619047619
163,0.44,0.6818181818181818,0.7941176470588235,0.5925925925925926,0.6666666666666666,0.8125,0.7368421052631579,0.6363636363636364,0.6,0.5652173913043478,0.3333333333333333,0.058823529411764705,0.5454545454545454,0.8,0.64,0.42857142857142855,0.6428571428571429,0.48,0.8235294117647058,0.5833333333333334,0.5454545454545454,0.3684210526315789,0.8235294117647058
164,0.4117647058823529,0.5555555555555556,0.6206896551724138,0.55,0.6,0.8125,0.75,0.9285714285714286,0.6206896551724138,0.6363636363636364,0.42857142857142855,0.0,0.35294117647058826,0.5882352941176471,0.5357142857142857,0.5,0.8461538461538461,0.5517241379310345,0.8571428571428571,0.47368421052631576,0.6153846153846154,0.42105263157894735,0.8333333333333334
165,0.4838709677419355,0.5,0.5185185185185185,0.56,0.5714285714285714,0.9285714285714286,0.38461538461538464,0.85,0.5714285714285714,0.5483870967741935,0.3181818181818182,0.46153846153846156,0.42105263157894735,0.6428571428571429,0.6129032258064516,0.5,0.9,0.4473684210526316,0.85,0.42857142857142855,0.5882352941176471,0.5333333333333333,0.5714285714285714
166,0.5,0.5384615384615384,0.6129032258064516,0.6428571428571429,0.6666666666666666,0.7272727272727273,0.3333333333333333,0.7647058823529411,0.4,0.5,0.30434782608695654,0.5625,0.6666666666666666,0.7272727272727273,0.6176470588235294,0.375,1.0,0.4473684210526316,0.9444444444444444,0.8181818181818182,0.6428571428571429,0.3125,0.6666666666666666
167,0.4444444444444444,0.64,0.631578947368421,0.6071428571428571,0.5789473684210527,0.6,0.5625,0.6666666666666666,0.4482758620689655,0.44,0.5,0.5263157894736842,0.5,0.6875,0.6388888888888888,0.3684210526315789,0.8,0.5,0.9166666666666666,0.7333333333333333,0.7692307692307693,0.35294117647058826,0.7
168,0.36,0.53125,0.6774193548387096,0.7,0.4,0.8461538461538461,0.625,0.6428571428571429,0.5909090909090909,0.3793103448275862,0.5555555555555556,0.5454545454545454,0.2857142857142857,0.7894736842105263,0.7428571428571429,0.4666666666666667,0.75,0.4634146341463415,0.6428571428571429,0.6,0.8333333333333334,0.5294117647058824,0.7058823529411765
169,0.52,0.5172413793103449,0.8,0.6896551724137931,0.5,0.75,0.6428571428571429,0.6666666666666666,0.5,0.36,0.4,0.5,0.4375,0.8148148148148148,0.6666666666666666,0.625,0.8461538461538461,0.46153846153846156,0.8,0.875,0.6153846153846154,0.4,0.6923076923076923
170,0.7096774193548387,0.5333333333333333,0.7575757575757576,0.5384615384615384,0.6363636363636364,0.6666666666666666,0.4444444444444444,0.6190476190476191,0.4594594594594595,0.5833333333333334,0.4,0.5,0.5294117647058824,0.75,0.6896551724137931,0.4090909090909091,0.96,0.5555555555555556,0.9473684210526315,0.4444444444444444,0.6428571428571429,0.375,0.7
171,0.64,0.45454545454545453,0.7058823529411765,0.5454545454545454,0.7058823529411765,0.9,0.14285714285714285,0.6190476190476191,0.5806451612903226,0.68,0.3076923076923077,0.4375,0.5789473684210527,0.8571428571428571,0.7666666666666667,0.17647058823529413,0.88,0.6666666666666666,0.88,0.5263157894736842,0.7777777777777778,0.4166666666666667,0.6
172,0.6071428571428571,0.5151515151515151,0.7058823529411765,0.5769230769230769,0.6666666666666666,0.8333333333333334,0.38461538461538464,0.6,0.6774193548387096,0.46153846153846156,0.4166666666666667,0.38461538461538464,0.5769230769230769,0.875,0.6,0.5333333333333333,0.75,0.6129032258064516,0.9047619047619048,0.5882352941176471,0.6923076923076923,0.3333333333333333,0.5294117647058824
173,0.6388888888888888,0.6333333333333333,0.6764705882352942,0.5,0.5714285714285714,0.7333333333333333,0.5714285714285714,0.7333333333333333,0.6666666666666666,0.37037037037037035,0.5384615384615384,0.46153846153846156,0.5652173913043478,0.7692307692307693,0.5294117647058824,0.4,0.7647058823529411,0.4857142857142857,1.0,0.36363636363636365,0.5555555555555556,0.375,0.42857142857142855
174,0.5641025641025641,0.7272727272727273,0.6206896551724138,0.4482758620689655,0.4666666666666667,0.6666666666666666,0.47058823529411764,0.9166666666666666,0.6875,0.36363636363636365,0.4,0.3333333333333333,0.46153846153846156,0.8333333333333334,0.5833333333333334,0.15384615384615385,0.7333333333333333,0.48484848484848486,1.0,0.5,0.5,0.55,0.625
175,0.4444444444444444,0.7142857142857143,0.6206896551724138,0.5384615384615384,0.5333333333333333,0.5454545454545454,0.3684210526315789,0.8,0.7391304347826086,0.41379310344827586,0.4375,0.4,0.3,0.7727272727272727,0.5652173913043478,0.29411764705882354,0.8888888888888888,0.5,0.9230769230769231,0.6153846153846154,0.6666666666666666,0.47619047619047616,0.9285714285714286
176,0.45161290322580644,0.6388888888888888,0.6,0.6956521739130435,0.3888888888888889,0.5454545454545454,0.35294117647058826,0.4444444444444444,0.7619047619047619,0.6666666666666666,0.6,0.2727272727272727,0.36363636363636365,0.76,0.5588235294117647,0.4090909090909091,1.0,0.575,0.9230769230769231,0.42857142857142855,0.6086956521739131,0.4117647058823529,0.5294117647058824
177,0.4482758620689655,0.5454545454545454,0.68,0.75,0.4444444444444444,0.8235294117647058,0.5625,0.6428571428571429,0.8,0.7058823529411765,0.5789473684210527,0.2727272727272727,0.5294117647058824,0.8461538461538461,0.5789473684210527,0.55,0.8,0.56,0.9166666666666666,0.07692307692307693,0.5555555555555556,0.4666666666666667,0.5263157894736842
178,0.32,0.5625,0.6451612903225806,0.64,0.6111111111111112,0.7,0.6,0.7058823529411765,0.6086956521739131,0.47368421052631576,0.47368421052631576,0.6363636363636364,0.5882352941176471,0.5454545454545454,0.59375,0.6153846153846154,0.7333333333333333,0.3793103448275862,0.9230769230769231,0.38095238095238093,0.5555555555555556,0.35294117647058826,0.6818181818181818
179,0.47368421052631576,0.5227272727272727,0.625,0.5238095238095238,0.5294117647058824,0.47058823529411764,0.5416666666666666,0.7,0.6129032258064516,0.36363636363636365,0.5789473684210527,0.4666666666666667,0.3076923076923077,0.6,0.6176470588235294,0.42857142857142855,0.8571428571428571,0.4857142857142857,0.9285714285714286,0.7222222222222222,0.5833333333333334,0.30434782608695654,0.6818181818181818
180,0.7,0.46511627906976744,0.6785714285714286,0.5625,0.5714285714285714,0.5238095238095238,0.5,0.7142857142857143,0.7,0.40625,0.6470588235294118,0.25,0.4375,0.7619047619047619,0.75,0.5294117647058824,0.875,0.5357142857142857,0.8235294117647058,0.5833333333333334,0.4666666666666667,0.21052631578947367,0.6666666666666666
181,0.6875,0.5,0.7037037037037037,0.6176470588235294,0.5,0.6086956521739131,0.36363636363636365,0.5555555555555556,0.7142857142857143,0.38235294117647056,0.4666666666666667,0.4666666666666667,0.7692307692307693,0.7647058823529411,0.8125,0.7857142857142857,0.9411764705882353,0.4782608695652174,0.7727272727272727,0.42857142857142855,0.23529411764705882,0.23076923076923078,0.6363636363636364
182,0.6333333333333333,0.4583333333333333,0.7692307692307693,0.6923076923076923,0.3333333333333333,0.75,0.28,0.625,0.8,0.37037037037037035,0.2727272727272727,0.47619047619047616,0.7058823529411765,0.8,0.6842105263157895,0.6666666666666666,1.0,0.6,0.7894736842105263,0.5,0.3333333333333333,0.4375,0.75
183,0.391304347826087,0.5172413793103449,0.7,0.6285714285714286,0.5625,0.875,0.13333333333333333,0.75,0.782608695652174,0.35714285714285715,0.16666666666666666,0.38095238095238093,0.6363636363636364,0.7894736842105263,0.7142857142857143,0.5,0.8461538461538461,0.5945945945945946,0.875,0.5,0.6666666666666666,0.4,0.6666666666666666
184,0.27586206896551724,0.6,0.5833333333333334,0.6428571428571429,0.6470588235294118,0.75,0.3333333333333333,0.7142857142857143,0.6363636363636364,0.4666666666666667,0.5294117647058824,0.3125,0.47619047619047616,0.7727272727272727,0.7096774193548387,0.5,0.7857142857142857,0.53125,0.8,0.3888888888888889,0.5882352941176471,0.5,0.6923076923076923
185,0.4,0.6785714285714286,0.5238095238095238,0.5,0.47058823529411764,0.7894736842105263,0.3076923076923077,0.7857142857142857,0.72,0.5357142857142857,0.5909090909090909,0.21428571428571427,0.5,0.7333333333333333,0.5588235294117647,0.45454545454545453,0.8333333333333334,0.5172413793103449,0.8,0.2777777777777778,0.5555555555555556,0.6470588235294118,0.6428571428571429
186,0.46875,0.6052631578947368,0.7142857142857143,0.5348837209302325,0.4375,0.8947368421052632,0.5454545454545454,0.6666666666666666,0.7307692307692307,0.5,0.4,0.3333333333333333,0.6875,0.75,0.5517241379310345,0.4,0.8181818181818182,0.5483870967741935,0.9523809523809523,0.47058823529411764,0.5263157894736842,0.5294117647058824,0.5714285714285714
187,0.6,0.5945945945945946,0.7931034482758621,0.64,0.5294117647058824,0.8421052631578947,0.6428571428571429,0.5,0.6388888888888888,0.56,0.5555555555555556,0.42857142857142855,0.5882352941176471,0.7058823529411765,0.45714285714285713,0.3157894736842105,0.7777777777777778,0.6206896551724138,1.0,0.5882352941176471,0.5,0.4444444444444444,0.46153846153846156
188,0.5625,0.6153846153846154,0.72,0.6206896551724138,0.5,0.75,0.4666666666666667,0.4666666666666667,0.6571428571428571,0.5333333333333333,0.6923076923076923,0.38461538461538464,0.6190476190476191,0.5909090909090909,0.41025641025641024,0.3684210526315789,0.75,0.6363636363636364,1.0,0.46153846153846156,0.5333333333333333,0.3076923076923077,0.6666666666666666
189,0.5714285714285714,0.6153846153846154,0.64,0.6,0.55,0.6842105263157895,0.5263157894736842,0.46153846153846156,0.52,0.4473684210526316,0.4,0.5294117647058824,0.7058823529411765,0.6363636363636364,0.4642857142857143,0.36363636363636365,0.875,0.4857142857142857,0.9230769230769231,0.4444444444444444,0.5555555555555556,0.18181818181818182,0.7857142857142857
190,0.6111111111111112,0.6666666666666666,0.625,0.47619047619047616,0.6666666666666666,0.625,0.5238095238095238,0.7,0.6666666666666666,0.5135135135135135,0.4166666666666667,0.625,0.6153846153846154,0.7894736842105263,0.6,0.3076923076923077,0.8666666666666667,0.46875,0.7777777777777778,0.6875,0.4782608695652174,0.29411764705882354,0.625
191,0.5151515151515151,0.47368421052631576,0.782608695652174,0.6060606060606061,0.6428571428571429,0.5,0.42105263157894735,0.875,0.7391304347826086,0.6333333333333333,0.3333333333333333,0.6153846153846154,0.6428571428571429,0.9444444444444444,0.6818181818181818,0.3333333333333333,0.7777777777777778,0.52,0.7692307692307693,0.6666666666666666,0.5238095238095238,0.3333333333333333,0.5
192,0.4883720930232558,0.45161290322580644,0.6538461538461539,0.6,0.6,0.5,0.5714285714285714,0.875,0.5,0.4642857142857143,0.19047619047619047,0.38461538461538464,0.6470588235294118,0.9473684210526315,0.5,0.38461538461538464,0.7333333333333333,0.5161290322580645,1.0,0.42857142857142855,0.5789473684210527,0.35,0.42857142857142855
193,0.5121951219512195,0.46153846153846156,0.7142857142857143,0.6333333333333333,0.5333333333333333,0.6,0.5,0.7777777777777778,0.6451612903225806,0.38461538461538464,0.19047619047619047,0.18181818181818182,0.4,0.8421052631578947,0.55,0.35,0.8571428571428571,0.5909090909090909,1.0,0.4444444444444444,0.4166666666666667,0.3684210526315789,0.5294117647058824
194,0.5454545454545454,0.5652173913043478,0.8235294117647058,0.6666666666666666,0.4444444444444444,0.6875,0.4,0.7727272727272727,0.6551724137931034,0.5454545454545454,0.2631578947368421,0.16666666666666666,0.4166666666666667,0.6923076923076923,0.6923076923076923,0.35294117647058826,0.8461538461538461,0.48,0.875,0.6666666666666666,0.4,0.46153846153846156,0.7
195,0.5384615384615384,0.6129032258064516,0.75,0.6666666666666666,0.4444444444444444,0.5833333333333334,0.375,0.6666666666666666,0.6818181818181818,0.6285714285714286,0.3684210526315789,0.26666666666666666,0.45454545454545453,0.45454545454545453,0.6538461538461539,0.3125,0.8421052631578947,0.5428571428571428,0.7368421052631579,0.6470588235294118,0.5,0.6428571428571429,0.875
196,0.5,0.5625,0.6304347826086957,0.6896551724137931,0.5555555555555556,0.5789473684210527,0.35714285714285715,0.8181818181818182,0.6956521739130435,0.6764705882352942,0.3333333333333333,0.4444444444444444,0.4117647058823529,0.5625,0.6666666666666666,0.25,0.8947368421052632,0.5806451612903226,0.6428571428571429,0.5882352941176471,0.5294117647058824,0.6363636363636364,0.7222222222222222
197,0.4838709677419355,0.5454545454545454,0.5135135135135135,0.6388888888888888,0.5,0.9166666666666666,0.42857142857142855,0.6428571428571429,0.6363636363636364,0.5641025641025641,0.4,0.45454545454545453,0.5217391304347826,0.75,0.75,0.22727272727272727,0.8333333333333334,0.5333333333333333,0.8181818181818182,0.6,0.3684210526315789,0.5833333333333334,0.5714285714285714
198,0.5,0.5454545454545454,0.5652173913043478,0.6206896551724138,0.42105263157894735,0.8571428571428571,0.2857142857142857,0.5333333333333333,0.6538461538461539,0.5476190476190477,0.42857142857142855,0.3125,0.631578947368421,0.75,0.6,0.2727272727272727,0.631578947368421,0.5806451612903226,0.9411764705882353,0.65,0.5,0.42857142857142855,0.6470588235294118
199,0.5625,0.6923076923076923,0.6153846153846154,0.6071428571428571,0.45454545454545453,0.7272727272727273,0.3333333333333333,0.7857142857142857,0.5882352941176471,0.625,0.35714285714285715,0.23076923076923078,0.625,0.6470588235294118,0.625,0.42857142857142855,0.6470588235294118,0.6,0.9444444444444444,0.7222222222222222,0.75,0.25,0.75
200,0.47368421052631576,0.7619047619047619,0.6206896551724138,0.5,0.3684210526315789,0.6,0.4166666666666667,0.8823529411764706,0.5294117647058824,0.5833333333333334,0.45454545454545453,0.4375,0.42857142857142855,0.75,0.64,0.6,0.9375,0.5666666666666667,1.0,0.6666666666666666,0.6666666666666666,0.21052631578947367,0.6875
201,0.47058823529411764,0.5454545454545454,0.6666666666666666,0.3448275862068966,0.3888888888888889,0.55,0.3076923076923077,0.8,0.4666666666666667,0.5217391304347826,0.47058823529411764,0.45454545454545453,0.375,0.8571428571428571,0.52,0.5833333333333334,0.9411764705882353,0.43243243243243246,1.0,0.4666666666666667,0.7857142857142857,0.0625,0.75
202,0.6333333333333333,0.6190476190476191,0.7666666666666667,0.4482758620689655,0.4166666666666667,0.65,0.375,0.5833333333333334,0.5769230769230769,0.5384615384615384,0.5,0.42857142857142855,0.4117647058823529,0.7333333333333333,0.4090909090909091,0.4666666666666667,0.9333333333333333,0.45,1.0,0.2857142857142857,0.6875,0.08333333333333333,0.8666666666666667
203,0.6129032258064516,0.7272727272727273,0.782608695652174,0.5294117647058824,0.4230769230769231,0.6842105263157895,0.6666666666666666,0.7142857142857143,0.7083333333333334,0.6451612903225806,0.4375,0.42857142857142855,0.42857142857142855,0.625,0.44,0.5,0.8888888888888888,0.5882352941176471,0.7777777777777778,0.25,0.5555555555555556,0.42105263157894735,0.7
204,0.5151515151515151,0.6818181818181818,0.6521739130434783,0.42105263157894735,0.6111111111111112,0.6,0.6666666666666666,0.7857142857142857,0.7666666666666667,0.6153846153846154,0.3333333333333333,0.4666666666666667,0.4,0.6666666666666666,0.56,0.3888888888888889,0.9090909090909091,0.6875,0.8666666666666667,0.3333333333333333,0.5714285714285714,0.5555555555555556,0.6428571428571429
205,0.42857142857142855,0.5217391304347826,0.625,0.391304347826087,0.5882352941176471,0.6111111111111112,0.38461538461538464,0.7272727272727273,0.6756756756756757,0.46153846153846156,0.5454545454545454,0.5882352941176471,0.23076923076923078,0.7333333333333333,0.5294117647058824,0.4444444444444444,1.0,0.6551724137931034,0.7857142857142857,0.5,0.5,0.5,0.7368421052631579
206,0.6363636363636364,0.46875,0.6296296296296297,0.39285714285714285,0.5238095238095238,0.6818181818181818,0.4666666666666667,0.6111111111111112,0.4722222222222222,0.5,0.6111111111111112,0.5,0.375,0.8,0.5476190476190477,0.3888888888888889,0.9333333333333333,0.5277777777777778,0.8125,0.6666666666666666,0.5882352941176471,0.3333333333333333,0.5555555555555556
207,0.76,0.5483870967741935,0.5172413793103449,0.4444444444444444,0.45,0.7058823529411765,0.5,0.6153846153846154,0.5862068965517241,0.52,0.55,0.3076923076923077,0.631578947368421,0.8,0.5757575757575758,0.35714285714285715,0.7333333333333333,0.5428571428571428,1.0,0.5333333333333333,0.7692307692307693,0.375,0.5625
208,0.6,0.6296296296296297,0.6451612903225806,0.5,0.4375,0.7333333333333333,0.4166666666666667,0.65,0.7037037037037037,0.52,0.5263157894736842,0.3333333333333333,0.6666666666666666,0.75,0.5666666666666667,0.5,0.7272727272727273,0.5769230769230769,1.0,0.35714285714285715,0.8461538461538461,0.4444444444444444,0.7647058823529411
209,0.48148148148148145,0.6206896551724138,0.7647058823529411,0.6521739130434783,0.5,0.7777777777777778,0.26666666666666666,0.5882352941176471,0.6666666666666666,0.5161290322580645,0.46153846153846156,0.5384615384615384,0.5555555555555556,0.875,0.5862068965517241,0.3333333333333333,0.8,0.48,1.0,0.3157894736842105,0.8,0.42857142857142855,0.6470588235294118
210,0.4,0.5555555555555556,0.6071428571428571,0.7272727272727273,0.4117647058823529,0.6470588235294118,0.25,0.8181818181818182,0.6428571428571429,0.5128205128205128,0.36363636363636365,0.5833333333333334,0.4375,0.8333333333333334,0.6428571428571429,0.4,0.7,0.5333333333333333,0.875,0.43478260869565216,0.7647058823529411,0.5,0.6190476190476191
211,0.5,0.6129032258064516,0.5,0.6486486486486487,0.2,0.6842105263157895,0.42105263157894735,0.6923076923076923,0.5757575757575758,0.5151515151515151,0.35714285714285715,0.36363636363636365,0.4,0.6470588235294118,0.45161290322580644,0.42857142857142855,0.7857142857142857,0.5151515151515151,0.7222222222222222,0.5333333333333333,0.6842105263157895,0.5555555555555556,0.7272727272727273
212,0.5161290322580645,0.6842105263157895,0.46153846153846156,0.6129032258064516,0.23076923076923078,0.7272727272727273,0.5238095238095238,0.6,0.5675675675675675,0.47058823529411764,0.35,0.5,0.45454545454545453,0.5416666666666666,0.4375,0.35714285714285715,0.7647058823529411,0.41379310344827586,0.6666666666666666,0.5,0.6,0.5,0.8
213,0.5405405405405406,0.6451612903225806,0.68,0.56,0.26666666666666666,0.7272727272727273,0.5238095238095238,0.6818181818181818,0.6285714285714286,0.5757575757575758,0.28,0.5789473684210527,0.5882352941176471,0.5454545454545454,0.6956521739130435,0.4117647058823529,0.7333333333333333,0.3870967741935484,0.8095238095238095,0.5625,0.4166666666666667,0.375,0.8
214,0.5,0.5625,0.78125,0.5151515151515151,0.2631578947368421,0.8235294117647058,0.45,0.5909090909090909,0.5862068965517241,0.5714285714285714,0.21052631578947367,0.6,0.5555555555555556,0.6875,0.7142857142857143,0.375,0.8571428571428571,0.5142857142857142,0.88,0.5454545454545454,0.16666666666666666,0.4166666666666667,0.9090909090909091
215,0.4375,0.65625,0.6538461538461539,0.5882352941176471,0.4,0.7333333333333333,0.36,0.625,0.6451612903225806,0.4444444444444444,0.4,0.5333333333333333,0.45,0.7272727272727273,0.5172413793103449,0.2857142857142857,0.8235294117647058,0.5925925925925926,0.8333333333333334,0.6,0.5833333333333334,0.35,0.9130434782608695
216,0.4594594594594595,0.7916666666666666,0.68,0.6551724137931034,0.3684210526315789,0.7727272727272727,0.4,0.8,0.6785714285714286,0.48,0.4375,0.5416666666666666,0.4375,0.5454545454545454,0.48484848484848486,0.42857142857142855,0.9047619047619048,0.4782608695652174,0.75,0.5454545454545454,0.6956521739130435,0.35,0.85
217,0.5517241379310345,0.6129032258064516,0.7407407407407407,0.625,0.42857142857142855,0.7391304347826086,0.5263157894736842,0.6666666666666666,0.5416666666666666,0.5217391304347826,0.2777777777777778,0.5263157894736842,0.5,0.5263157894736842,0.6129032258064516,0.4,0.9583333333333334,0.5357142857142857,0.8333333333333334,0.375,0.64,0.5882352941176471,0.6
218,0.5416666666666666,0.6052631578947368,0.7058823529411765,0.375,0.5,0.6111111111111112,0.6153846153846154,0.7857142857142857,0.5769230769230769,0.48148148148148145,0.3333333333333333,0.4666666666666667,0.5333333333333333,0.7058823529411765,0.6666666666666666,0.5333333333333333,0.7368421052631579,0.5483870967741935,0.7777777777777778,0.5,0.6,0.6666666666666666,0.6
219,0.5,0.5806451612903226,0.627906976744186,0.4666666666666667,0.5,0.5714285714285714,0.7142857142857143,0.7058823529411765,0.5,0.5294117647058824,0.42105263157894735,0.5652173913043478,0.6153846153846154,0.9166666666666666,0.6285714285714286,0.42857142857142855,0.7333333333333333,0.46875,0.7777777777777778,0.4166666666666667,0.5714285714285714,0.5,0.6842105263157895
220,0.6296296296296297,0.45454545454545453,0.6444444444444445,0.7419354838709677,0.5,0.7333333333333333,0.875,0.8235294117647058,0.41935483870967744,0.56,0.4117647058823529,0.5454545454545454,0.6428571428571429,0.8,0.6206896551724138,0.2,0.8125,0.5526315789473685,0.7692307692307693,0.42857142857142855,0.38461538461538464,0.21428571428571427,0.6818181818181818
221,0.6216216216216216,0.5185185185185185,0.725,0.7857142857142857,0.3333333333333333,0.8571428571428571,0.6666666666666666,0.875,0.5666666666666667,0.4090909090909091,0.2857142857142857,0.5333333333333333,0.5454545454545454,0.7142857142857143,0.6774193548387096,0.3076923076923077,0.7272727272727273,0.6111111111111112,0.8666666666666667,0.6363636363636364,0.4,0.2777777777777778,0.6666666666666666
222,0.5853658536585366,0.5,0.7692307692307693,0.5,0.5714285714285714,0.6923076923076923,0.6111111111111112,0.6363636363636364,0.6666666666666666,0.3125,0.29411764705882354,0.5,0.5,0.5384615384615384,0.7096774193548387,0.4375,1.0,0.5454545454545454,0.9473684210526315,0.5,0.5,0.35714285714285715,0.5384615384615384
223,0.5161290322580645,0.48,0.6818181818181818,0.5625,0.6111111111111112,0.6666666666666666,0.55,0.6923076923076923,0.6785714285714286,0.35714285714285715,0.3684210526315789,0.4,0.4166666666666667,0.6428571428571429,0.6,0.3157894736842105,0.9333333333333333,0.59375,0.9166666666666666,0.4375,0.5384615384615384,0.13333333333333333,0.5454545454545454
224,0.6785714285714286,0.56,0.6190476190476191,0.6666666666666666,0.38461538461538464,0.7222222222222222,0.5384615384615384,0.8,0.6,0.5185185185185185,0.3333333333333333,0.36363636363636365,0.35714285714285715,0.7692307692307693,0.6,0.3,0.75,0.6,0.7333333333333333,0.7142857142857143,0.5333333333333333,0.4090909090909091,0.6923076923076923
225,0.7333333333333333,0.5172413793103449,0.5789473684210527,0.5517241379310345,0.5,0.6818181818181818,0.6153846153846154,0.8461538461538461,0.6060606060606061,0.4864864864864865,0.45454545454545453,0.4,0.35294117647058826,0.6363636363636364,0.5925925925925926,0.5,0.8888888888888888,0.41935483870967744,0.7307692307692307,0.6842105263157895,0.5714285714285714,0.7777777777777778,0.625
226,0.625,0.5,0.5217391304347826,0.5897435897435898,0.6153846153846154,0.5,0.4,0.8333333333333334,0.7307692307692307,0.48484848484848486,0.5,0.3333333333333333,0.38461538461538464,0.8421052631578947,0.5185185185185185,0.55,1.0,0.391304347826087,0.8421052631578947,0.625,0.625,0.5789473684210527,0.6551724137931034
227,0.6363636363636364,0.6190476190476191,0.6363636363636364,0.625,0.42105263157894735,0.3684210526315789,0.42105263157894735,0.7333333333333333,0.71875,0.45161290322580644,0.35714285714285715,0.26666666666666666,0.5,0.9333333333333333,0.6,0.6470588235294118,0.9285714285714286,0.6,1.0,0.35714285714285715,0.5714285714285714,0.2777777777777778,0.6666666666666666
228,0.6785714285714286,0.5,0.6190476190476191,0.5641025641025641,0.375,0.42857142857142855,0.43478260869565216,0.7368421052631579,0.6428571428571429,0.46875,0.1875,0.2631578947368421,0.36363636363636365,1.0,0.6875,0.4666666666666667,0.7894736842105263,0.5333333333333333,0.9333333333333333,0.35294117647058826,0.5,0.3333333333333333,0.7
229,0.6153846153846154,0.48148148148148145,0.7037037037037037,0.5,0.5238095238095238,0.7142857142857143,0.47058823529411764,0.75,0.5,0.5,0.0,0.2916666666666667,0.4117647058823529,0.9090909090909091,0.7,0.35714285714285715,0.7894736842105263,0.4827586206896552,0.9473684210526315,0.4375,0.6666666666666666,0.375,0.8571428571428571
230,0.44,0.5483870967741935,0.8064516129032258,0.5217391304347826,0.5882352941176471,0.7777777777777778,0.3333333333333333,0.7272727272727273,0.5,0.4,0.35714285714285715,0.2857142857142857,0.5714285714285714,0.8888888888888888,0.76,0.5,0.8636363636363636,0.5714285714285714,0.8888888888888888,0.5555555555555556,0.5555555555555556,0.16666666666666666,0.85
231,0.5161290322580645,0.5897435897435898,0.6875,0.5517241379310345,0.3076923076923077,0.6666666666666666,0.2727272727272727,0.9090909090909091,0.5333333333333333,0.4117647058823529,0.47368421052631576,0.42857142857142855,0.625,1.0,0.5714285714285714,0.5833333333333334,0.8571428571428571,0.4722222222222222,0.8333333333333334,0.75,0.26666666666666666,0.15384615384615385,0.875
232,0.5483870967741935,0.6206896551724138,0.6470588235294118,0.5483870967741935,0.3076923076923077,0.6923076923076923,0.38461538461538464,0.7692307692307693,0.5714285714285714,0.5,0.4375,0.6,0.47058823529411764,1.0,0.5172413793103449,0.47058823529411764,0.9473684210526315,0.35714285714285715,1.0,0.6521739130434783,0.4117647058823529,0.11764705882352941,0.6428571428571429
233,0.4838709677419355,0.5416666666666666,0.696969696969697,0.6333333333333333,0.6470588235294118,0.72,0.35714285714285715,0.5625,0.6,0.4722222222222222,0.47058823529411764,0.4375,0.55,1.0,0.6666666666666666,0.5238095238095238,1.0,0.5,0.8823529411764706,0.35,0.42105263157894735,0.2777777777777778,0.6153846153846154
234,0.5333333333333333,0.41379310344827586,0.6785714285714286,0.5454545454545454,0.7857142857142857,0.6428571428571429,0.5,0.6153846153846154,0.7142857142857143,0.5142857142857142,0.47619047619047616,0.29411764705882354,0.6470588235294118,0.8461538461538461,0.7142857142857143,0.5454545454545454,1.0,0.5333333333333333,0.9090909090909091,0.3333333333333333,0.2857142857142857,0.3333333333333333,0.6153846153846154
235,0.47058823529411764,0.4722222222222222,0.6428571428571429,0.5641025641025641,0.5454545454545454,0.42857142857142855,0.46153846153846156,0.6666666666666666,0.7,0.6129032258064516,0.4117647058823529,0.47058823529411764,0.5,0.7777777777777778,0.6086956521739131,0.55,0.9047619047619048,0.5,0.8636363636363636,0.5882352941176471,0.3333333333333333,0.25,0.64
236,0.43243243243243246,0.5,0.6666666666666666,0.625,0.4166666666666667,0.3076923076923077,0.5,0.6153846153846154,0.5714285714285714,0.47058823529411764,0.23076923076923078,0.6,0.3684210526315789,0.8235294117647058,0.6551724137931034,0.6153846153846154,0.8947368421052632,0.5806451612903226,0.8,0.7142857142857143,0.35714285714285715,0.2222222222222222,0.7083333333333334
237,0.3870967741935484,0.3783783783783784,0.7916666666666666,0.53125,0.5,0.5909090909090909,0.5294117647058824,0.5625,0.5789473684210527,0.5,0.375,0.46153846153846156,0.4,0.8,0.6363636363636364,0.46153846153846156,0.8333333333333334,0.7428571428571429,0.8888888888888888,0.47368421052631576,0.4444444444444444,0.42105263157894735,0.7058823529411765
238,0.4482758620689655,0.3939393939393939,0.696969696969697,0.5882352941176471,0.6111111111111112,0.6,0.4166666666666667,0.7,0.6857142857142857,0.6363636363636364,0.75,0.36363636363636365,0.5882352941176471,0.6,0.5161290322580645,0.3125,0.7857142857142857,0.7352941176470589,0.9375,0.34782608695652173,0.6428571428571429,0.47368421052631576,0.75
239,0.6,0.5333333333333333,0.5806451612903226,0.5769230769230769,0.7,0.5,0.5,0.6153846153846154,0.75,0.4583333333333333,0.5263157894736842,0.46153846153846156,0.4444444444444444,0.4666666666666667,0.5666666666666667,0.42857142857142855,0.8571428571428571,0.6071428571428571,0.9230769230769231,0.45454545454545453,0.6923076923076923,0.2,0.7857142857142857
240,0.5,0.5714285714285714,0.6956521739130435,0.5806451612903226,0.52,0.6296296296296297,0.5,0.6,0.6285714285714286,0.32,0.3333333333333333,0.5,0.4375,0.55,0.5862068965517241,0.55,0.8,0.6333333333333333,0.9285714285714286,0.4583333333333333,0.5833333333333334,0.5,0.75
241,0.48484848484848486,0.52,0.7407407407407407,0.6060606060606061,0.4583333333333333,0.7619047619047619,0.4,0.75,0.5142857142857142,0.5,0.4782608695652174,0.5555555555555556,0.7857142857142857,0.6875,0.5666666666666667,0.3125,0.8076923076923077,0.6451612903225806,1.0,0.26666666666666666,0.625,0.45454545454545453,0.6666666666666666
242,0.59375,0.5555555555555556,0.6944444444444444,0.5714285714285714,0.45454545454545453,0.7333333333333333,0.35,0.8181818181818182,0.5,0.625,0.5555555555555556,0.46153846153846156,0.7142857142857143,0.6428571428571429,0.5294117647058824,0.21052631578947367,0.8181818181818182,0.5185185185185185,0.8947368421052632,0.36363636363636365,0.7272727272727273,0.5454545454545454,0.6923076923076923
243,0.5555555555555556,0.5666666666666667,0.7419354838709677,0.5,0.4,0.7142857142857143,0.5,0.6153846153846154,0.6521739130434783,0.5909090909090909,0.625,0.5,0.4666666666666667,0.7777777777777778,0.6052631578947368,0.25,0.7368421052631579,0.39285714285714285,0.7777777777777778,0.46153846153846156,0.6428571428571429,0.48,0.6666666666666666
244,0.45454545454545453,0.6153846153846154,0.65625,0.5428571428571428,0.5384615384615384,0.7,0.47619047619047616,0.5625,0.6,0.5357142857142857,0.6153846153846154,0.5714285714285714,0.3684210526315789,0.8,0.6052631578947368,0.22727272727272727,0.7333333333333333,0.44,0.9047619047619048,0.4166666666666667,0.45,0.3,0.75
245,0.5652173913043478,0.7241379310344828,0.6666666666666666,0.5675675675675675,0.45454545454545453,0.5,0.4090909090909091,0.8,0.5454545454545454,0.5,0.6111111111111112,0.5263157894736842,0.47368421052631576,0.6875,0.6551724137931034,0.34782608695652173,0.8421052631578947,0.6086956521739131,0.8947368421052632,0.75,0.4583333333333333,0.3157894736842105,0.8823529411764706
246,0.55,0.7142857142857143,0.75,0.5625,0.23076923076923078,0.6363636363636364,0.5625,1.0,0.7241379310344828,0.5806451612903226,0.3684210526315789,0.36363636363636365,0.6470588235294118,0.8333333333333334,0.6538461538461539,0.5,0.8888888888888888,0.5517241379310345,0.8666666666666667,0.6666666666666666,0.6111111111111112,0.5333333333333333,0.6666666666666666
247,0.4583333333333333,0.5789473684210527,0.7931034482758621,0.6363636363636364,0.34782608695652173,0.6666666666666666,0.5,0.8181818181818182,0.6285714285714286,0.59375,0.3181818181818182,0.3157894736842105,0.6666666666666666,0.75,0.41935483870967744,0.5,1.0,0.5757575757575758,0.9166666666666666,0.46153846153846156,0.6666666666666666,0.42857142857142855,0.75
248,0.5833333333333334,0.38095238095238093,0.7037037037037037,0.5862068965517241,0.5,0.6470588235294118,0.2857142857142857,0.6470588235294118,0.6071428571428571,0.5428571428571428,0.5263157894736842,0.375,0.6666666666666666,0.6428571428571429,0.53125,0.4,1.0,0.6206896551724138,0.9230769230769231,0.4375,0.6,0.26666666666666666,0.8
249,0.5,0.5,0.5714285714285714,0.46153846153846156,0.7777777777777778,0.6666666666666666,0.5,0.5714285714285714,0.7037037037037037,0.6388888888888888,0.6,0.29411764705882354,0.5555555555555556,0.7894736842105263,0.5625,0.4375,0.9523809523809523,0.52,0.9285714285714286,0.42857142857142855,0.6,0.2222222222222222,0.75
250,0.4642857142857143,0.6071428571428571,0.7037037037037037,0.5161290322580645,0.5454545454545454,0.47619047619047616,0.30434782608695654,0.5833333333333334,0.6176470588235294,0.6129032258064516,0.5,0.3125,0.3333333333333333,0.6666666666666666,0.4375,0.4444444444444444,0.9411764705882353,0.5384615384615384,0.8,0.6666666666666666,0.7142857142857143,0.42857142857142855,0.75
251,0.6060606060606061,0.5,0.6896551724137931,0.5862068965517241,0.46153846153846156,0.42857142857142855,0.25,0.7272727272727273,0.6,0.5483870967741935,0.4166666666666667,0.3333333333333333,0.35,0.5333333333333333,0.5142857142857142,0.4375,1.0,0.4642857142857143,0.875,0.5384615384615384,0.6428571428571429,0.5,0.75
252,0.5,0.5,0.6111111111111112,0.4838709677419355,0.5833333333333334,0.6666666666666666,0.6666666666666666,0.625,0.7,0.5161290322580645,0.4375,0.3684210526315789,0.4666666666666667,0.7272727272727273,0.5294117647058824,0.2777777777777778,0.9166666666666666,0.43333333333333335,0.9375,0.5,0.6,0.45,0.7058823529411765
253,0.32142857142857145,0.5161290322580645,0.5714285714285714,0.5517241379310345,0.7058823529411765,0.7272727272727273,0.7857142857142857,0.5652173913043478,0.6666666666666666,0.46153846153846156,0.5454545454545454,0.3888888888888889,0.6,0.8181818181818182,0.5161290322580645,0.375,0.8666666666666667,0.45714285714285713,0.8571428571428571,0.42857142857142855,0.6428571428571429,0.35,0.5384615384615384
254,0.4117647058823529,0.59375,0.6470588235294118,0.64,0.5263157894736842,0.7272727272727273,0.6,0.75,0.6296296296296297,0.5454545454545454,0.5454545454545454,0.3333333333333333,0.5,1.0,0.5161290322580645,0.47619047619047616,0.9411764705882353,0.4642857142857143,0.92,0.5294117647058824,0.6666666666666666,0.3125,0.42857142857142855
255,0.6176470588235294,0.6206896551724138,0.75,0.5714285714285714,0.23076923076923078,0.7777777777777778,0.5238095238095238,0.8571428571428571,0.625,0.46153846153846156,0.5,0.3333333333333333,0.3125,0.9166666666666666,0.5,0.4,1.0,0.6,1.0,0.625,0.6363636363636364,0.625,0.5555555555555556
256,0.6285714285714286,0.6944444444444444,0.7241379310344828,0.5454545454545454,0.4666666666666667,0.6666666666666666,0.5555555555555556,0.7222222222222222,0.53125,0.4444444444444444,0.47058823529411764,0.25,0.4375,0.9166666666666666,0.5128205128205128,0.375,1.0,0.5862068965517241,0.7857142857142857,0.5454545454545454,0.8,0.4166666666666667,0.625
257,0.5365853658536586,0.7380952380952381,0.6176470588235294,0.3448275862068966,0.5,0.6875,0.5,0.7333333333333333,0.45714285714285713,0.48,0.4,0.3125,0.5294117647058824,0.6923076923076923,0.5625,0.2727272727272727,0.75,0.5,0.8333333333333334,0.46153846153846156,0.85,0.3157894736842105,0.5714285714285714
258,0.5675675675675675,0.6875,0.5333333333333333,0.46875,0.35294117647058826,0.6875,0.4,0.8333333333333334,0.5333333333333333,0.6,0.0625,0.4375,0.6363636363636364,0.6666666666666666,0.4827586206896552,0.3333333333333333,0.6875,0.42857142857142855,0.9565217391304348,0.47058823529411764,0.8095238095238095,0.18181818181818182,0.7058823529411765
259,0.6333333333333333,0.6428571428571429,0.6666666666666666,0.5714285714285714,0.375,0.6363636363636364,0.35,0.5714285714285714,0.5517241379310345,0.5555555555555556,0.2222222222222222,0.4117647058823529,0.65,0.8333333333333334,0.6176470588235294,0.35294117647058826,0.7619047619047619,0.45,0.9545454545454546,0.5,0.6666666666666666,0.3,0.631578947368421
260,0.7391304347826086,0.5,0.8076923076923077,0.36585365853658536,0.3888888888888889,0.5454545454545454,0.3157894736842105,0.7142857142857143,0.45454545454545453,0.5526315789473685,0.5333333333333333,0.42105263157894735,0.5625,0.7894736842105263,0.7142857142857143,0.35714285714285715,0.85,0.5555555555555556,0.9473684210526315,0.38461538461538464,0.625,0.5625,0.631578947368421
261,0.6666666666666666,0.5925925925925926,0.7307692307692307,0.4,0.4666666666666667,0.6,0.36363636363636365,0.8421052631578947,0.5,0.6578947368421053,0.42857142857142855,0.4,0.5714285714285714,0.8125,0.5625,0.5555555555555556,1.0,0.6206896551724138,1.0,0.5,0.4444444444444444,0.5333333333333333,0.8181818181818182
262,0.5555555555555556,0.7916666666666666,0.782608695652174,0.5185185185185185,0.7692307692307693,0.625,0.35294117647058826,0.8,0.6666666666666666,0.5666666666666667,0.3125,0.5,0.29411764705882354,0.8,0.5357142857142857,0.5238095238095238,1.0,0.6,0.9473684210526315,0.625,0.4,0.5,0.875
263,0.5555555555555556,0.6521739130434783,0.7083333333333334,0.6,0.7222222222222222,0.7142857142857143,0.47619047619047616,0.7647058823529411,0.7333333333333333,0.5333333333333333,0.2,0.21428571428571427,0.2,0.75,0.68,0.38095238095238093,0.8823529411764706,0.6296296296296297,0.8666666666666667,0.625,0.7,0.3076923076923077,0.7272727272727273
264,0.5416666666666666,0.5172413793103449,0.6666666666666666,0.6896551724137931,0.6923076923076923,1.0,0.5454545454545454,0.6875,0.64,0.6428571428571429,0.25,0.15,0.3125,0.6666666666666666,0.782608695652174,0.3125,0.75,0.48484848484848486,0.8888888888888888,0.6666666666666666,0.6923076923076923,0.29411764705882354,0.75
265,0.5357142857142857,0.5483870967741935,0.725,0.65625,0.6,0.9090909090909091,0.5263157894736842,0.6666666666666666,0.6666666666666666,0.5416666666666666,0.42105263157894735,0.35294117647058826,0.5,0.8,0.5862068965517241,0.08333333333333333,0.7777777777777778,0.5135135135135135,0.8,0.5625,0.6153846153846154,0.3125,0.7692307692307693
266,0.39285714285714285,0.6129032258064516,0.625,0.5384615384615384,0.5,0.5555555555555556,0.5,0.7777777777777778,0.5517241379310345,0.41379310344827586,0.5454545454545454,0.5,0.6153846153846154,1.0,0.475,0.13333333333333333,0.8181818181818182,0.6111111111111112,0.631578947368421,0.25,0.5,0.47368421052631576,0.6666666666666666
267,0.42857142857142855,0.6923076923076923,0.6285714285714286,0.5135135135135135,0.42857142857142855,0.5714285714285714,0.46153846153846156,0.75,0.46153846153846156,0.4523809523809524,0.4090909090909091,0.42105263157894735,0.4,0.9473684210526315,0.5,0.3333333333333333,0.7777777777777778,0.48717948717948717,0.6470588235294118,0.25,0.47368421052631576,0.6,0.6190476190476191
268,0.5666666666666667,0.6,0.6551724137931034,0.5882352941176471,0.3333333333333333,0.631578947368421,0.5,0.7,0.6923076923076923,0.4722222222222222,0.26666666666666666,0.46153846153846156,0.3333333333333333,0.8421052631578947,0.5365853658536586,0.4782608695652174,0.6666666666666666,0.6,0.8125,0.3125,0.5263157894736842,0.5,0.6470588235294118
269,0.6666666666666666,0.42857142857142855,0.6206896551724138,0.46875,0.3125,0.6,0.625,0.7241379310344828,0.6296296296296297,0.5357142857142857,0.35714285714285715,0.47368421052631576,0.4444444444444444,0.7142857142857143,0.5806451612903226,0.5,0.5555555555555556,0.6875,0.7692307692307693,0.23809523809523808,0.6470588235294118,0.4444444444444444,0.6666666666666666
270,0.6923076923076923,0.45,0.6428571428571429,0.42424242424242425,0.5263157894736842,0.7058823529411765,0.7222222222222222,0.6818181818181818,0.5769230769230769,0.425,0.2916666666666667,0.42857142857142855,0.4666666666666667,0.7142857142857143,0.6086956521739131,0.375,0.6842105263157895,0.5263157894736842,0.6153846153846154,0.3333333333333333,0.7222222222222222,0.5,0.6428571428571429
271,0.3870967741935484,0.4827586206896552,0.64,0.4358974358974359,0.6470588235294118,0.7647058823529411,0.6842105263157895,0.75,0.56,0.35714285714285715,0.19047619047619047,0.5714285714285714,0.38461538461538464,0.7222222222222222,0.625,0.375,0.75,0.40540540540540543,0.7777777777777778,0.631578947368421,0.6666666666666666,0.5,0.5
272,0.4117647058823529,0.53125,0.6666666666666666,0.5588235294117647,0.6363636363636364,0.7777777777777778,0.6470588235294118,0.7058823529411765,0.48148148148148145,0.5517241379310345,0.35714285714285715,0.42857142857142855,0.47368421052631576,0.6,0.6538461538461539,0.42857142857142855,0.7894736842105263,0.42105263157894735,0.9,0.625,0.5454545454545454,0.3125,0.4166666666666667
273,0.6,0.5789473684210527,0.6363636363636364,0.8461538461538461,0.75,0.875,0.5,0.5555555555555556,0.5,0.8181818181818182,0.625,0.25,0.5454545454545454,0.5,0.6153846153846154,0.5,0.8888888888888888,0.5,0.9090909090909091,0.3333333333333333,0.5,0.2727272727272727,0.5
