,1,2,3,4,5,6,7,8,10,11,12,13,14,15,16,17,18,19,20,21,22,23,24
0,0.0,0.1015015015015015,0.1576576576576577,0.0,0.0,0.0,0.18172458172458172,0.1015015015015015,0.0,0.3261261261261261,0.0,0.3261261261261261,0.0,0.0,0.0,0.0,0.0,0.0,0.0,0.0,0.0,0.0,0.0
1,0.0,0.0333847577908053,0.0,0.0,0.0,0.0,0.048488120950323954,0.013246940244780459,0.12778077753779693,0.19265658747300207,0.07732181425485962,0.09379821042887992,0.08372930165586745,0.0,0.0,0.0,0.0,0.07288586143877718,0.0,0.0,0.0,0.0,0.0
2,0.0,0.0,0.0,0.12025499855114441,0.0,0.0,0.0,0.014685598377281783,0.2815415821501013,0.2199594320486815,0.20822949869603002,0.0,0.14732407551880156,0.0,0.0,0.0,0.0,0.02494929006085178,0.0,0.0,0.0,0.0,0.0
3,0.0,0.0,0.015083440308087281,0.09898373983739839,0.0,0.0826757532281206,0.06432926829268293,0.0019512195121951237,0.2930487804878048,0.13630393996247658,0.2722560975609756,0.0,0.12670731707317073,0.0,0.0,0.0,0.0,0.0,0.0,0.0,0.0,0.0,0.0
4,0.0,0.0,0.0,0.08940870695256642,0.0,0.14670781893004103,0.0,0.0,0.3048611111111109,0.0,0.1919753086419751,0.0,0.1503858024691357,0.03882030178326468,0.0,0.0,0.0,0.0,0.0,0.0,0.0,0.0,0.0
5,0.0,0.017857142857142905,0.0,0.0,0.0,0.0,0.0,0.04060150375939853,0.19183673469387763,0.18285714285714294,0.12,0.022222222222222365,0.24571428571428577,0.09206349206349207,0.12967032967032965,0.1428571428571428,0.0,0.05714285714285716,0.0,0.0,0.0,0.0,0.0
6,0.03725729803122868,0.1017472397899023,0.0,0.0,0.0,0.13353156822810586,0.0,0.0,0.12477936184657157,0.1416105279649067,0.062263601978469474,0.062263601978469474,0.21230142566191446,0.07007807196198235,0.015376782077393014,0.0,0.0,0.2425975246749177,0.0,0.0,0.0,0.0,0.0
7,0.2117034068136272,0.0,0.0,0.0,0.0,0.1498762230343038,0.0,0.0,0.15539650730031485,0.19149067365500216,0.03989517496531514,0.03989517496531514,0.16392785571142277,0.16392785571142277,0.0,0.0,0.0,0.26097194388777545,0.0,0.0,0.0,0.0,0.0
8,0.07409602845287477,0.0,0.0,0.0,0.0,0.11421853388658365,0.07765719757421008,0.0,0.2340248962655601,0.25215448451962974,0.002872646026172987,0.2438450899031811,0.10881742738589206,0.0,0.0,0.0,0.0,0.0,0.0,0.0,0.0,0.0,0.027800829875518573
9,0.0,0.05584950029394453,0.008641975308641858,0.0,0.0,0.2210758377425044,0.02088096326779454,0.0,0.2289437585733881,0.2509739368998627,0.07473251028806571,0.1738683127572016,0.09876543209876532,0.0,0.0,0.008641975308641858,0.0,0.0,0.0,0.0,0.0,0.0,0.0
10,0.0,0.035282258064516014,0.0,0.0,0.0,0.1730990783410138,0.0,0.0,0.26497695852534553,0.3032594086021505,0.19606854838709675,0.05672043010752681,0.0,0.0,0.0,0.0,0.0,0.1730990783410138,0.0,0.0,0.0,0.0,0.0
11,0.02398012552301254,0.0,0.0,0.0,0.0,0.0,0.18624645701174247,0.0,0.3993723849372385,0.33930962343096227,0.18096234309623427,0.0,0.0,0.0,0.0,0.0,0.12635983263598327,0.2706664674237895,0.0,0.0,0.0,0.0,0.0
12,0.10387931034482745,0.0,0.0,0.0,0.0,0.14260057471264354,0.16411238825031915,0.0,0.3362068965517241,0.3362068965517241,0.2413793103448275,0.0,0.0,0.0,0.0,0.0,0.0,0.2758620689655171,0.0,0.0,0.0,0.0,0.0
13,0.10709555345316935,0.0,0.0,0.0,0.0,0.10709555345316935,0.03376523658700448,0.0,0.30551876379690945,0.15118960019622274,0.1792494481236202,0.0918322295805738,0.14525386313465782,0.0,0.0,0.0,0.0,0.2476453274466519,0.0,0.0,0.0,0.0,0.0
14,0.0,0.04580645161290331,0.0,0.04814516129032265,0.0,0.0,0.07387096774193547,0.03956989247311837,0.3825806451612903,0.22822580645161294,0.0,0.2141935483870967,0.07387096774193547,0.10817204301075267,0.0,0.0,0.0,0.2453763440860215,0.0,0.0,0.0,0.0,0.012129032258064498
15,0.0,0.0,0.0,0.0,0.0,0.0,0.16874281774304756,0.012882096069869009,0.3419213973799127,0.2103056768558953,0.0,0.1026200873362445,0.0,0.0,0.0,0.0,0.0,0.21853165938864627,0.0,0.0,0.0,0.0,0.0
16,0.0,0.0,0.0,0.0,0.0,0.061018297533810495,0.0863961813842481,0.0,0.31479713603818604,0.200596658711217,0.0863961813842481,0.10923627684964188,0.19021479713603806,0.0,0.0,0.0,0.0,0.2576968973747016,0.0,0.0,0.0,0.0,0.0
17,0.049569707401032614,0.0,0.0,0.0020481927710842562,0.0,0.11293172690763054,0.0,0.0,0.0020481927710842562,0.3346987951807229,0.2016385542168675,0.09277108433734926,0.26816867469879513,0.0,0.0,0.0,0.11293172690763054,0.032289156626506,0.0,0.0,0.0,0.0,0.0
18,0.019407894736841902,0.0,0.01741886409736293,0.07200670498084272,0.0,0.16480603448275855,0.0,0.0,0.0,0.16480603448275855,0.24073275862068955,0.08985272988505744,0.03631465517241361,0.0,0.0,0.0,0.0006226053639846185,0.0,0.03631465517241361,0.0,0.0,0.0,0.0
19,0.0,0.0,0.005297771282425923,0.0,0.0,0.0,0.0,0.03968253968253965,0.15002957704821052,0.21713250517598337,0.3000243575691145,0.025764895330112725,0.015823720792664808,0.1328236980410893,0.0,0.0,0.0,0.24844720496894412,0.0,0.0,0.0,0.0,0.0
20,0.0,0.0,0.0,0.0,0.12842553191489348,0.0,0.0,0.0,0.18589198036006527,0.33297872340425516,0.22180851063829776,0.2529361702127658,0.16992907801418422,0.0,0.0,0.0,0.0,0.22180851063829776,0.00391489361702102,0.0,0.0,0.0,0.0
21,0.02141353383458644,0.0,0.0,0.06589473684210523,0.1538105263157895,0.0,0.0,0.0,0.1538105263157895,0.3406315789473684,0.0,0.2444736842105263,0.16052631578947363,0.0,0.0,0.0,0.0,0.2533622291021672,0.010947368421052706,0.0,0.01781578947368423,0.0,0.0
22,0.09306784660766942,0.0,0.0,0.0,0.013337547408343697,0.0581858407079644,0.04323640960809083,0.0,0.2008849557522122,0.37212389380530964,0.0,0.12097345132743353,0.086725663716814,0.0,0.0,0.0,0.0,0.11050884955752205,0.0,0.0,0.0,0.0,0.0
23,0.0,0.08507936507936498,0.0,0.0,0.0,0.0,0.0,0.0,0.25142857142857145,0.31380952380952376,0.0,0.31380952380952376,0.06428571428571428,0.0,0.0,0.0,0.0,0.04029304029304037,0.0,0.0,0.0,0.0,0.0
24,0.0,0.0,0.0,0.0,0.0,0.0,0.0,0.0,0.27462039045553144,0.16999833138661757,0.0,0.23835140997830806,0.21882195895211076,0.0,0.0,0.08320077127018555,0.0,0.12117470382112461,0.0,0.0,0.0,0.0,0.0
25,0.0,0.034591604295476586,0.0,0.0,0.0,0.0,0.04626993166287008,0.0,0.28656036446469235,0.1591604295476733,0.0,0.04874715261958995,0.0,0.0,0.01902050113895204,0.0,0.0,0.26426537585421406,0.0,0.0,0.0,0.0,0.0
26,0.0,0.15023827439177317,0.0,0.0,0.0,0.16092099322799092,0.0,0.0,0.24096471426874178,0.1571751048049016,0.0,0.11035149951628487,0.0,0.0,0.0,0.0,0.0,0.0,0.0,0.0,0.0,0.0,0.0
27,0.031963470319634535,0.0,0.0,0.0,0.0,0.0,0.0,0.0,0.26052765093860974,0.21347031963470298,0.049249836921069545,0.20136986301369852,0.23939986953685566,0.0,0.0,0.18658041603247066,0.0,0.0,0.0,0.0,0.0,0.0,0.0
28,0.0,0.0,0.0,0.0,0.0,0.0,0.0,0.0,0.24392183594637584,0.3427275051124744,0.2267382413087934,0.2862199150542708,0.15644171779141092,0.0,0.0,0.0,0.04396728016359919,0.19944664982557436,0.0,0.0,0.0,0.0,0.0
29,0.0,0.0,0.0,0.0,0.0,0.0,0.10722079589216937,0.0,0.22676672920575358,0.2539507113821138,0.37174796747967476,0.17843964978111304,0.022719060523938572,0.0,0.0,0.0,0.0,0.28798102981029805,0.0,0.0,0.0,0.0,0.0
30,0.01380288957688336,0.0,0.0,0.0,0.0,0.0,0.06697177726926007,0.0,0.28148496240601506,0.15055555555555555,0.24555921052631569,0.08988095238095228,0.06114035087719294,0.0,0.0,0.0,0.0,0.14649122807017534,0.0,0.0,0.0,0.0,0.0
31,0.017200191113234675,0.0,0.08585164835164838,0.0,0.1135531135531136,0.1135531135531136,0.0,0.0,0.3351648351648352,0.1135531135531136,0.0,0.09340659340659341,0.18742368742368753,0.0,0.0,0.0,0.0,0.0027472527472527375,0.0,0.0,0.0,0.0,0.0
32,0.0,0.0,0.0,0.0,0.0,0.12221004566210036,0.0,0.0,0.28285134449518,0.03184931506849298,0.17853881278538797,0.07795172863666,0.0856354642313546,0.0,0.0,0.10632244467860896,0.0,0.16473274241203317,0.0,0.0,0.0,0.0,0.0
33,0.0,0.0,0.0,0.0,0.0,0.08164387633769299,0.0006631299734746188,0.0,0.3004641909814322,0.2005305039787797,0.11844211822660078,0.09060344827586186,0.0,0.0,0.0,0.0,0.0,0.28856732348111636,0.0,0.0,0.0,0.0,0.0
34,0.0,0.14444444444444438,0.0,0.0,0.03749999999999987,0.17786458333333333,0.005416666666666514,0.0,0.308974358974359,0.23802083333333324,0.0,0.12916666666666654,0.06666666666666654,0.0,0.0,0.0,0.0,0.14444444444444438,0.0,0.0,0.0,0.0,0.0
35,0.21473469387755084,0.0,0.0,0.0,0.0,0.12748299319727863,0.0,0.0,0.3593406593406592,0.2729024943310656,0.0,0.18201530612244876,0.15014577259475193,0.0,0.0,0.0,0.0,0.0,0.0,0.0,0.0,0.0,0.0
36,0.09666666666666668,0.0,0.04191919191919191,0.0,0.0,0.0,0.04912280701754379,0.15688888888888897,0.3977777777777778,0.15688888888888897,0.0213888888888889,0.0,0.0,0.0,0.0,0.0,0.0692929292929294,0.25607843137254904,0.0,0.0,0.0,0.0,0.0
37,0.0,0.0,0.05133470225872683,0.0,0.0,0.1420766003035443,0.040793976728268344,0.0039014373716632633,0.07505133470225867,0.2600410677618069,0.28059548254620115,0.040793976728268344,0.0,0.0,0.0,0.0,0.0,0.25355019993515615,0.0,0.0,0.0,0.0,0.0
38,0.0,0.0,0.12113155607070403,0.0,0.0,0.03928571428571437,0.0,0.06754201680672267,0.11934523809523812,0.33950892857142856,0.12970588235294123,0.17114845938375345,0.0,0.0,0.0,0.0,0.0,0.23209342560553636,0.0,0.0,0.0,0.0,0.0
39,0.0,0.0,0.0,0.0,0.0,0.055775316455696,0.05822784810126569,0.17594936708860742,0.20311587147030175,0.24462025316455682,0.10350535540408945,0.0,0.20311587147030175,0.0,0.0,0.0,0.0,0.2662025316455695,0.0,0.0,0.0,0.0,0.07504520795660008
40,0.0,0.02793728921702665,0.0,0.0,0.0,0.18923560716013532,0.0,0.057033043825496565,0.2015199161425576,0.2547519217330537,0.07731190309806657,0.04182389937106912,0.22433363282419883,0.04182389937106912,0.0,0.0,0.0,0.17870619946091637,0.0,0.0,0.0,0.0,0.0
41,0.0,0.0,0.0,0.0,0.0,0.11588678855490131,0.0,0.013551103738675407,0.3345384429983128,0.3089437677290172,0.11924205690953182,0.25135574837310204,0.0,0.0,0.02676247288503264,0.0,0.0,0.0,0.0,0.0,0.0,0.20144613159797542,0.0
42,0.0,0.0,0.0,0.0,0.0,0.09831203844801306,0.002895322939866274,0.023813602878190787,0.2501113585746102,0.2748329621380846,0.30202672605790637,0.01296708735461527,0.1841870824053452,0.0,0.0,0.0,0.0,0.0,0.0,0.0,0.0,0.0,0.0
43,0.0,0.0,0.0,0.0,0.0,0.08952083333333338,0.0,0.0,0.21510416666666665,0.28836111111111107,0.20463888888888893,0.0,0.2674305555555555,0.05812499999999998,0.0,0.0,0.0,0.1627777777777778,0.0,0.0,0.0,0.0,0.0
44,0.0,0.0,0.0,0.015789473684210464,0.0,0.05921052631578949,0.0,0.0,0.24013157894736836,0.1729323308270676,0.015789473684210464,0.16374269005847952,0.24736842105263157,0.0,0.0,0.0,0.0,0.32456140350877183,0.0,0.007518796992481258,0.0,0.0,0.0
45,0.0,0.0,0.0,0.1616643126177023,0.0,0.09459745762711858,0.0,0.0,0.17690677966101687,0.09459745762711858,0.12813088512241044,0.26226459510357814,0.12813088512241044,0.0,0.0,0.0,0.0,0.22873116760828627,0.0,0.0,0.0,0.0,0.0
46,0.0,0.0,0.0,0.0,0.0,0.14640662235043256,0.0,0.0,0.27895217788607973,0.11671641791044773,0.2113539445628998,0.228879412461502,0.0,0.0,0.0,0.0746552949538023,0.05362473347547969,0.11671641791044773,0.0,0.0,0.0,0.0,0.0
47,0.0,0.0,0.0,0.0,0.0,0.0,0.0,0.0,0.3486842105263158,0.20394736842105277,0.1858552631578948,0.24013157894736836,0.20911654135338342,0.0,0.0,0.0,0.21842105263157907,0.16259398496240607,0.24013157894736836,0.0,0.0,0.0,0.0
48,0.0,0.0,0.0,0.0,0.0,0.04795321637426897,0.08603508771929813,0.029573934837092697,0.2942355889724311,0.351578947368421,0.31384015594541903,0.20082559339525274,0.3052631578947368,0.10799220272904475,0.03937621832358673,0.0,0.0,0.2399460188933873,0.0,0.0,0.0,0.0,0.0
49,0.0,0.0,0.0,0.0992125984251967,0.0,0.17754193769257087,0.0,0.0,0.30453913849004155,0.23499305233904566,0.3595964566929133,0.14015748031496045,0.31033464566929114,0.0,0.18718011811023605,0.0,0.0,0.08641732283464554,0.0,0.0,0.0,0.0,0.0
50,0.0,0.0,0.08670640062192281,0.0436889484773032,0.0,0.16825047199496534,0.0,0.0,0.25355811589291766,0.18284256897750983,0.28120411160058734,0.13744493392070478,0.1540325313453066,0.0,0.0,0.0,0.0,0.0,0.0,0.0,0.0,0.0,0.0
51,0.0,0.0,0.06957223567393056,0.0,0.0,0.0969377581541091,0.0,0.06957223567393056,0.10280179868557593,0.19750605326876514,0.3021791767554479,0.0,0.14114360216055133,0.0,0.0,0.0,0.0,0.1471078827011031,0.0,0.0,0.0,0.0,0.0
52,0.0,0.0742771084337348,0.0,0.08192771084337325,0.0,0.1195922150139016,0.0,0.0,0.25942168674698785,0.2005120481927709,0.3267469879518071,0.027523427041499127,0.14313253012048177,0.0,0.0,0.0,0.0,0.3267469879518071,0.0,0.0,0.0,0.0,0.0
53,0.0,0.0,0.0,0.0,0.0,0.19791666666666663,0.0,0.0,0.26849999999999996,0.23802083333333335,0.3523177083333333,0.0,0.0025000000000000577,0.15596153846153837,0.0,0.0,0.0,0.24974358974358968,0.0,0.0,0.0,0.0,0.0
54,0.0,0.0,0.0,0.0,0.15130260521042083,0.14257314629258522,0.0,0.0,0.20141616566466258,0.15938543754175016,0.2644622578490313,0.0,0.05430861723446889,0.0,0.0,0.0,0.0,0.0785571142284569,0.025651302605210424,0.0,0.15938543754175016,0.0,0.0
55,0.08597938144329886,0.0,0.0,0.0,0.0,0.09602356406480106,0.015670103092783494,0.0,0.2881185567010308,0.15628865979381434,0.0,0.0,0.07958762886597937,0.0,0.0,0.0,0.0,0.22659793814432994,0.05082474226804112,0.0,0.20902061855670107,0.0,0.0
56,0.04713375796178332,0.12086745526235954,0.0,0.0,0.0,0.06414922656960853,0.019108280254776844,0.0,0.3128368446839783,0.3052016985138003,0.22579617834394894,0.18113057324840753,0.0,0.0,0.0,0.0,0.0,0.33439490445859865,0.0,0.0,0.0,0.0,0.0
57,0.0,0.20797644539614546,0.0,0.0,0.0,0.09831164552791949,0.0,0.020770877944325306,0.3087794432548179,0.27586417864790447,0.17142151210673673,0.17142151210673673,0.0,0.004313245640868546,0.0,0.0,0.09483022330988045,0.2689013342118266,0.0,0.0,0.0,0.0,0.0
58,0.0,0.03609493462256885,0.0,0.0,0.0,0.1316544885177452,0.0,0.05271398747390388,0.36847599164926925,0.29830665738807693,0.0,0.21059498956158662,0.05271398747390388,0.007605129734565952,0.007605129734565952,0.0,0.0,0.0,0.0,0.0,0.05271398747390388,0.0,0.0
59,0.0,0.0,0.0,0.0,0.0,0.08582887700534758,0.14610389610389596,0.1423913043478261,0.3649147727272727,0.18491735537190068,0.043636363636363584,0.29679144385026734,0.043636363636363584,0.0,0.0,0.0,0.0,0.0,0.0,0.0,0.0,0.0,0.0
60,0.0,0.0,0.0,0.0,0.0,0.026608910891088966,0.15140264026402628,0.0,0.3261138613861385,0.1895748398369247,0.10148514851485135,0.22984441301272973,0.10148514851485135,0.0,0.0,0.0,0.0,0.12452399086062438,0.0,0.0,0.0,0.0,0.05156765676567643
61,0.0,0.0,0.0,0.0,0.0,0.1484567901234567,0.07574437182280302,0.0,0.35251322751322745,0.2613854595336076,0.14387860082304516,0.0,0.0,0.0,0.0,0.0,0.0,0.20682870370370354,0.0,0.0,0.0,0.0,0.0
62,0.0,0.0,0.0,0.0,0.0,0.15267773838402676,0.10439283009341072,0.0,0.2894849785407724,0.21698344573881045,0.25565092989985694,0.0,0.0,0.0,0.0,0.0,0.0,0.1402171168896743,0.058798283261802475,0.0,0.04841738197424883,0.0,0.0
63,0.029074889867841458,0.0,0.0,0.0,0.0,0.016299559471365632,0.08656387665198251,0.0,0.13520840393087097,0.30816672314469673,0.12559960841899176,0.2130396475770926,0.0,0.10061674008810573,0.016299559471365632,0.0,0.0,0.0,0.13520840393087097,0.0,0.0,0.0,0.0
64,0.09492273730684331,0.0,0.0,0.0,0.033696922477600255,0.0,0.0,0.0,0.0,0.1854304635761589,0.1288631346578365,0.2533112582781456,0.0,0.1288631346578365,0.0,0.0,0.20353200883002198,0.0,0.2533112582781456,0.0,0.0,0.0,0.0
65,0.050980392156862564,0.0,0.0,0.0,0.06176470588235283,0.0,0.044343891402714775,0.0,0.10588235294117643,0.11260504201680666,0.24705882352941166,0.0,0.0,0.22352941176470575,0.0,0.0,0.0,0.19999999999999996,0.0,0.0,0.0,0.0,0.03865546218487381
66,0.0,0.0,0.005877642536835204,0.0,0.03778774289985032,0.0,0.0,0.0,0.0979260089686097,0.15650224215246633,0.27834080717488785,0.03349215246636761,0.0,0.0979260089686097,0.0,0.0,0.0,0.4200952914798205,0.0,0.0,0.0,0.0,0.0
67,0.0,0.0,0.0,0.0,0.0,0.07563025210084018,0.0,0.0,0.3087557603686635,0.23963133640552992,0.042498719918074745,0.07066052227342534,0.11290322580645151,0.0,0.07066052227342534,0.0,0.0,0.29032258064516125,0.32411674347158215,0.0,0.0,0.0,0.0
68,0.0,0.0,0.0,0.0,0.0,0.2918300653594771,0.05577342047930278,0.0,0.4098583877995643,0.2918300653594771,0.2918300653594771,0.0,0.05577342047930278,0.0,0.39299719887955176,0.0,0.0,0.2581076875194521,0.0,0.05577342047930278,0.0,0.0,0.0
69,0.0,0.0,0.0,0.0,0.04139433551198246,0.37972574650775337,0.0,0.0,0.42004357298474937,0.1564270152505446,0.3907528443476155,0.0,0.20915032679738554,0.0,0.0,0.0,0.0,0.0,0.0,0.1564270152505446,0.0,0.0,0.0
70,0.0,0.10925925925925928,0.0,0.0,0.056862745098039236,0.2055555555555555,0.0,0.1333333333333333,0.2958333333333334,0.1333333333333333,0.18148148148148147,0.00952380952380949,0.35,0.03703703703703698,0.0,0.0,0.0,0.1333333333333333,0.0,0.0,0.0,0.0,0.0
71,0.0,0.0,0.0,0.0,0.1285436893203883,0.0,0.0,0.17440981093510466,0.1285436893203883,0.2077669902912621,0.22537216828478956,0.004049930651872313,0.22537216828478956,0.0,0.0,0.0,0.0,0.37061488673139154,0.0,0.0,0.0,0.0,0.0
72,0.0,0.0,0.13181818181818172,0.0,0.0,0.0,0.04499999999999982,0.0,0.42121212121212115,0.28966942148760333,0.13181818181818172,0.08358585858585843,0.0,0.0,0.0,0.1938311688311687,0.007792207792207684,0.2946022727272727,0.0,0.0,0.0,0.0,0.0
73,0.0,0.060475744082493565,0.13665338645418323,0.0,0.0,0.10344774747165175,0.03703646950658901,0.0,0.3165172642762284,0.02873505976095614,0.18461708720672865,0.0,0.0,0.0,0.0,0.0,0.2085989375830012,0.2936254980079681,0.0,0.05031872509960156,0.0,0.0,0.0
74,0.0,0.0,0.12962226640159036,0.0,0.0,0.29700259978589993,0.07522365805168973,0.0,0.16309833307845234,0.0,0.29281809145129223,0.0,0.25396194262993466,0.0,0.0,0.0,0.21666003976143133,0.12962226640159036,0.0,0.04258449304174938,0.0,0.0,0.0
75,0.0,0.0,0.0,0.0,0.0,0.09649193548387092,0.25902777777777786,0.0,0.21122311827956985,0.21122311827956985,0.29317396313364064,0.1064205955334987,0.3546370967741935,0.0,0.0,0.0,0.0,0.06780913978494629,0.0,0.0,0.0,0.0,0.0
76,0.0,0.14838709677419348,0.0,0.0,0.0,0.14838709677419348,0.07741935483870965,0.0,0.29032258064516125,0.04193548387096757,0.2794044665012406,0.26193548387096766,0.29032258064516125,0.0,0.0,0.0,0.0,0.38064516129032255,0.0,0.0,0.0,0.0,0.0
77,0.0,0.15917808219178087,0.0,0.0,0.0,0.13582191780821917,0.10168598524762906,0.003470319634703123,0.0,0.023287671232876672,0.33268101761252433,0.2733637747336377,0.0657534246575342,0.0,0.0,0.0,0.0,0.2526027397260273,0.0,0.0,0.0,0.0,0.0
78,0.0,0.0,0.0,0.0,0.0,0.0,0.13138031142781736,0.13555636762287582,0.02280285035629448,0.24830988488945727,0.3020020359687817,0.2671021377672208,0.0,0.0,0.0,0.07166270783847972,0.0,0.1856690419635787,0.0,0.0,0.0,0.0,0.0
79,0.0,0.08572463768115934,0.0,0.0,0.0,0.026739130434782488,0.0,0.0,0.4771739130434782,0.3193979933110367,0.33641304347826073,0.3565217391304347,0.11521739130434772,0.0,0.0,0.0,0.0,0.0,0.0,0.0,0.0,0.0,0.0
80,0.0,0.011428571428571566,0.0,0.0,0.0,0.0,0.0,0.0,0.3700280112044818,0.17619047619047623,0.3821428571428571,0.21738095238095234,0.3821428571428571,0.0,0.0,0.0,0.0,0.0,0.0,0.0,0.0,0.0,0.3821428571428571
81,0.14213836477987407,0.0,0.0,0.0,0.22911051212937983,0.031446540880502916,0.0,0.0,0.28301886792452824,0.10062893081760993,0.0,0.0,0.16981132075471683,0.0,0.05121293800539062,0.0,0.2620545073375261,0.0,0.0,0.0,0.0,0.0,0.0
82,0.1567877629063097,0.0,0.0,0.020936902485659603,0.06559592096876987,0.057743785850860374,0.0,0.0,0.469980879541109,0.24423199490121084,0.0,0.0,0.12399617590822176,0.0,0.0,0.0,0.0,0.0,0.0,0.22132993414064162,0.025621414913957863,0.0,0.0
83,0.0,0.09595524956970736,0.0,0.1843507362784471,0.0,0.0,0.0859103078982596,0.0,0.4990085341365461,0.437483266398929,0.0,0.09595524956970736,0.15622489959839347,0.1034889558232931,0.0,0.0,0.0,0.0,0.0,0.15622489959839347,0.0,0.0,0.0
84,0.0,0.26405362966541845,0.0,0.0,0.0,0.0,0.0,0.0,0.4864085264495942,0.4145057201525374,0.2809719370294319,0.2450205338809035,0.0,0.0,0.215605749486653,0.0,0.0,0.0,0.0,0.0,0.0,0.0,0.0
85,0.0,0.12268711018710998,0.0,0.0,0.0,0.1792879417879416,0.0,0.0,0.41782001782001776,0.2755093555093554,0.2641891891891891,0.0491060291060289,0.018918918918918837,0.0,0.012058212058211892,0.029700029700029495,0.0,0.0,0.09438669438669423,0.0,0.0,0.0,0.0
86,0.0,0.0,0.0,0.0,0.0,0.023865546218487355,0.20689075630252085,0.0,0.2373949579831932,0.38991596638655457,0.37085084033613447,0.0,0.0,0.0,0.0,0.0,0.0,0.2755252100840335,0.0,0.0,0.0,0.0,0.0
87,0.0,0.16029798422436448,0.0,0.0,0.0,0.0,0.06340929009640661,0.0,0.3739499764039641,0.4574233128834355,0.0,0.3110137306456324,0.0,0.09570552147239253,0.0,0.0,0.0,0.0,0.0,0.09570552147239253,0.0,0.0,0.0
88,0.0,0.15921189979123163,0.0,0.0,0.0,0.17163733969579476,0.0,0.0,0.357700337241047,0.40357888458097224,0.0,0.45425518850546476,0.0,0.0,0.0,0.0,0.0,0.0,0.0,0.0,0.0,0.0,0.0
89,0.0,0.0,0.0,0.0,0.0962655601659751,0.3221991701244813,0.0,0.0,0.23182572614107888,0.4248962655601659,0.0,0.2657157676348548,0.0,0.0,0.0,0.0,0.0,0.0,0.0,0.0,0.0,0.0,0.0
90,0.0,0.0,0.0,0.0,0.06692139737991254,0.19466430131004364,0.0002729257641920224,0.0,0.35060463553913335,0.4223799126637555,0.15578602620087334,0.0,0.0002729257641920224,0.0,0.0,0.0,0.0,0.111353711790393,0.0,0.0,0.0,0.0,0.0
91,0.12188841201716727,0.0,0.0,0.0,0.0,0.05916615573267925,0.18042918454935608,0.0,0.17067238912732463,0.4041385652973635,0.06700643776824022,0.0,0.0,0.26824034334763935,0.0,0.0,0.0,0.0,0.12188841201716727,0.0,0.0,0.0,0.0
92,0.0,0.06249547046744752,0.0,0.0,0.0,0.04079397672826823,0.0,0.0,0.0,0.3043121149897329,0.0,0.0,0.0,0.0743326488706364,0.0,0.0,0.11457905544147828,0.04079397672826823,0.01619895049053144,0.0,0.0,0.0,0.0
93,0.0,0.07559021009313394,0.0,0.020481164925609252,0.24726631393298049,0.0,0.0,0.020481164925609252,0.4511316872427983,0.0,0.0,0.0,0.0,0.002057613168724104,0.0,0.0,0.30999412110523206,0.17669753086419737,0.0,0.0,0.0,0.0,0.0
94,0.0,0.17206974491443316,0.0,0.0,0.0,0.20283742331288335,0.0,0.05858895705521461,0.25598159509202445,0.0,0.39769938650306746,0.0,0.04340490797545993,0.2347239263803681,0.0,0.0,0.07883435582822085,0.1969325153374233,0.0,0.0,0.0,0.0,0.0
95,0.10995850622406633,0.0,0.0,0.0,0.0,0.10995850622406633,0.0,0.08214470954356845,0.17353289863663302,0.05433091286307046,0.44372406639004147,0.0,0.0,0.20885200553250338,0.0,0.0,0.0,0.3324688796680497,0.0,0.0,0.10995850622406633,0.0,0.0
96,0.006393861892583064,0.0,0.12499999999999989,0.0,0.0,0.0,0.0,0.03324808184143213,0.21739130434782605,0.021739130434782594,0.1630434782608694,0.0,0.0,0.08695652173913038,0.0,0.0,0.0,0.3722826086956521,0.0,0.0,0.0,0.0,0.0
97,0.0,0.0,0.010857929346995032,0.0,0.020278330019880775,0.0,0.0,0.0,0.18170974155069586,0.0,0.0,0.03558648111332008,0.17131875414181585,0.03558648111332008,0.0,0.0,0.0,0.30347912524850895,0.0713055003313453,0.0,0.0,0.0,0.0
98,0.0,0.08013937282229955,0.0,0.0,0.0,0.18664955070603328,0.0,0.03414634146341444,0.3322493224932249,0.0937669376693765,0.0,0.18915989159891589,0.25853658536585356,0.0,0.0,0.0,0.0,0.0,0.14146341463414625,0.0,0.0,0.0,0.0
99,0.0,0.0,0.010067114093959773,0.0,0.0,0.0,0.0,0.09982102908277413,0.4010906040268457,0.3664429530201342,0.0,0.4010906040268457,0.01996644295302008,0.0,0.0,0.0,0.0,0.1772557792692021,0.07441275167785233,0.0,0.12885906040268458,0.0,0.0
100,0.0,0.0,0.0,0.0,0.0,0.0,0.021478260869565058,0.29358056265984644,0.19939130434782604,0.3328260869565216,0.0,0.11043478260869555,0.0,0.0,0.0,0.0,0.0,0.4162228260869564,0.15086956521739125,0.0,0.11043478260869555,0.0,0.0
101,0.0,0.0,0.0,0.0,0.016936936936936875,0.016936936936936875,0.07837837837837835,0.24815078236130872,0.17054054054054057,0.25118243243243243,0.0,0.0,0.0,0.07837837837837835,0.0,0.0,0.07837837837837835,0.400945945945946,0.07837837837837835,0.0,0.0,0.0,0.0
102,0.0,0.0,0.0,0.0,0.24766018718502514,0.03270595495217521,0.015118790496760126,0.0,0.29065103363159506,0.23261339092872568,0.3228941684665225,0.3361707533985516,0.0,0.021958243340532757,0.0,0.0,0.0,0.3228941684665225,0.0,0.0,0.0,0.0,0.0
103,0.0,0.0,0.0,0.0,0.11602430833200061,0.1347437935673229,0.0,0.019376299376299255,0.40899910899910896,0.0,0.33139293139293136,0.40513635807753445,0.0,0.0,0.0,0.0,0.0,0.2849618849618849,0.0,0.0,0.0,0.0,0.0
104,0.08870292887029274,0.0,0.0,0.0,0.0,0.1646443514644349,0.0,0.13666593261396154,0.1899581589958158,0.0,0.15379557680812894,0.2912133891213389,0.0,0.03174686192468601,0.0,0.0,0.0,0.15379557680812894,0.0,0.0,0.0,0.0,0.0
105,0.11388888888888882,0.0,0.0,0.0,0.0,0.0,0.0,0.019807956104252344,0.0,0.0,0.004492455418381391,0.12701646090534968,0.0,0.31080246913580245,0.015432098765432056,0.0,0.0810699588477366,0.26485596707818926,0.13212162780064018,0.0,0.0,0.0,0.0
106,0.0,0.0,0.0,0.0,0.0,0.0,0.0,0.0,0.0,0.33552631578947356,0.07958089668615986,0.11403508771929827,0.4044346978557505,0.24200779727095523,0.2081688596491228,0.0,0.2203508771929824,0.37982456140350873,0.13372319688109158,0.0,0.0,0.0,0.0
107,0.0,0.029999999999999916,0.0,0.0,0.0,0.0,0.0,0.0,0.19166666666666654,0.4179999999999999,0.029999999999999916,0.3386363636363635,0.1685714285714286,0.029999999999999916,0.0,0.21187499999999992,0.0,0.15124999999999988,0.0,0.0,0.0,0.0,0.0
108,0.0,0.19348268839103866,0.0,0.0,0.0,0.03493655021149922,0.0,0.17107942973523416,0.2958975851032877,0.3796020679931066,0.0,0.03986034332266497,0.0,0.0,0.0,0.0,0.0,0.0,0.0,0.0,0.0,0.0,0.0
109,0.15052201054784187,0.16993865030674848,0.0,0.0,0.0,0.18621436304583172,0.020066462167689036,0.2094653812445223,0.0,0.2621676891615541,0.0,0.0,0.14865502595563929,0.0,0.0,0.0,0.0,0.0,0.0,0.0,0.0,0.07770961145194266,0.0
110,0.0,0.22532188841201706,0.0,0.013304721030042765,0.0,0.0,0.06850445691647389,0.0068976088289390836,0.10300429184549342,0.3646280400572246,0.0,0.0,0.3100033014196103,0.0,0.0,0.4233599019006744,0.0,0.23114653586756584,0.0,0.0,0.0,0.15906652360515006,0.0
111,0.0,0.0,0.0,0.0,0.04170528266913809,0.0,0.10026773761713526,0.0,0.2617581436858545,0.30789825970548856,0.0,0.11015490533562822,0.2525301204819277,0.0,0.0,0.2617581436858545,0.0,0.0,0.2449799196787149,0.0,0.0,0.07719767960731816,0.0
112,0.050280396134112726,0.04324543610547649,0.0,0.0,0.0,0.18713235294117636,0.0,0.0,0.10304259634888424,0.0,0.10304259634888424,0.2525354969574035,0.20270453008789713,0.28990872210953333,0.0,0.0,0.0,0.0,0.0033806626098713544,0.0,0.0,0.0,0.0
113,0.0,0.16315440689198146,0.0,0.0,0.0,0.1780980781974817,0.0,0.03440893102920939,0.2154572564612326,0.1531919593549812,0.1033797216699801,0.1033797216699801,0.1780980781974817,0.2229290921139827,0.0,0.028661365142478523,0.021868787276341894,0.0,0.0,0.0,0.0,0.0,0.0
114,0.0,0.0977951984321409,0.022611464968152695,0.0,0.0,0.0,0.0,0.05222929936305709,0.20360934182590218,0.21019108280254772,0.0,0.1312101910828024,0.24968152866242033,0.25532302092811643,0.0,0.1312101910828024,0.0,0.0,0.0,0.0,0.0,0.0,0.0
115,0.0,0.22371428571428553,0.2002551020408163,0.0,0.0,0.0,0.0,0.040306122448979465,0.2962244897959183,0.1042857142857142,0.0,0.040306122448979465,0.30333333333333334,0.17892857142857133,0.0,0.17892857142857133,0.0,0.0,0.19385714285714284,0.0,0.0,0.0,0.1042857142857142
116,0.19404937361827557,0.0,0.1711158192090394,0.0,0.0,0.0,0.0,0.09576271186440666,0.1653194263363753,0.09576271186440666,0.03117433414043569,0.0,0.24646892655367214,0.0,0.0,0.0,0.0,0.0,0.24646892655367214,0.0,0.0,0.0,0.0
117,0.02788502788502778,0.0,0.0,0.0,0.02788502788502778,0.09144639144639133,0.0,0.24021540337329805,0.2709137709137708,0.12509652509652502,0.06260341974627681,0.0,0.03760617760617746,0.2933471933471933,0.12509652509652502,0.0,0.0,0.0,0.00011031439602859905,0.0,0.0,0.0,0.0
118,0.0,0.0019348268839102234,0.0,0.0,0.0,0.14695284349052162,0.010465298449005123,0.19111057865101222,0.2338085539714867,0.06354378818737261,0.2395693919115507,0.17620017457084658,0.0,0.3068991853360489,0.07250509164969443,0.0,0.0,0.0,0.0,0.0,0.0,0.17620017457084658,0.0
119,0.0,0.0,0.0,0.0,0.0,0.0,0.269812091503268,0.013435003631081965,0.00694444444444442,0.2990196078431372,0.4392156862745098,0.14324618736383432,0.0,0.10430283224400871,0.0,0.0,0.0,0.24060457516339873,0.0,0.0,0.0,0.18218954248366004,0.0
120,0.0,0.0,0.0,0.0,0.0,0.12994350282485867,0.13438256658595626,0.0,0.0,0.3396892655367232,0.3008474576271185,0.0,0.10663841807909591,0.0,0.0,0.009533898305084665,0.0,0.3008474576271185,0.0,0.06779661016949146,0.0,0.0,0.0
121,0.07637130801687764,0.0,0.02505860290670414,0.0,0.0,0.3923495447479458,0.0,0.03238898935101475,0.0,0.07637130801687764,0.0,0.0,0.11835443037974691,0.0,0.0,0.16033755274261607,0.0,0.3072784810126582,0.0,0.2816221284575715,0.0,0.0,0.0
122,0.0,0.0,0.0,0.0,0.0,0.2714701601164483,0.0,0.1804039301310043,0.0,0.20382096069868993,0.0,0.0,0.23058328134747352,0.0,0.0,0.0,0.0,0.3267603711790392,0.0,0.016484716157205148,0.0,0.0,0.0
123,0.0,0.0,0.0,0.06304801670146132,0.0,0.027011401959209813,0.0,0.0,0.23872651356993735,0.23340292275574115,0.0,0.0,0.297286012526096,0.0,0.0,0.0,0.01620041753653434,0.20719447567046734,0.0,0.0,0.06304801670146132,0.0,0.0
124,0.0,0.0,0.08737474949899782,0.05478099055253349,0.0,0.0,0.0,0.0,0.33627254509018023,0.23947895791583151,0.0,0.36116232464929854,0.030335671342685222,0.08737474949899782,0.0,0.0,0.04589178356713408,0.1634268537074146,0.0,0.0,0.0,0.0,0.0
125,0.0,0.0,0.027011401959209813,0.0,0.0,0.10563674321503125,0.0,0.0,0.0,0.3307485833581866,0.0,0.2712595685455811,0.0,0.01620041753653434,0.0,0.0,0.0,0.0965105875335519,0.0,0.0,0.0,0.0,0.0
126,0.08263586956521718,0.009999999999999898,0.0,0.0,0.053043478260869414,0.01662207357859513,0.0,0.0,0.0,0.053043478260869414,0.00569565217391288,0.0,0.0,0.0,0.14773913043478248,0.0,0.0,0.0,0.0,0.0,0.0,0.0,0.0
127,0.0,0.0,0.0,0.24270078618776014,0.0,0.0,0.0,0.0,0.2541750167000667,0.0,0.2648296593186372,0.0,0.23925851703406809,0.21688376753507,0.0,0.0,0.10501002004008009,0.03042752171008678,0.0,0.0,0.0,0.0,0.0
128,0.0,0.0,0.0,0.24424720578566728,0.0,0.1279775451373084,0.0,0.0,0.1938636861713784,0.21676528599605516,0.09309664694280073,0.15787545787545776,0.09309664694280073,0.22913214990138064,0.0,0.051873767258382664,0.0,0.15787545787545776,0.0,0.0,0.0,0.0,0.0
129,0.07609147609147593,0.0,0.0,0.0,0.0,0.11808731808731798,0.0,0.0,0.19158004158004138,0.41485793485793476,0.0,0.30706860706860695,0.0,0.07609147609147593,0.0,0.16008316008316004,0.0,0.0,0.0,0.0,0.010098010098009924,0.0,0.0
130,0.0,0.0,0.0,0.0,0.0,0.0,0.0,0.18657314629258515,0.2253077583738906,0.3673346693386773,0.17835671342685366,0.17835671342685366,0.2575866017749785,0.0,0.0,0.0,0.0,0.0,0.0,0.0,0.0,0.0,0.0
131,0.0,0.0,0.0,0.1555247981545559,0.0,0.0,0.0,0.26108419838523633,0.1525925925925925,0.4478431372549019,0.14760784313725483,0.0,0.2821960784313725,0.10274509803921561,0.0,0.0,0.0,0.0,0.0,0.0,0.0,0.0,0.0
132,0.0,0.0,0.0,0.05352760736196305,0.004402742692168782,0.0,0.0,0.22055214723926364,0.20817995910020448,0.44980151569830384,0.0,0.0,0.0,0.4175554506842849,0.0,0.0,0.0,0.0,0.0,0.0,0.0,0.0,0.0
133,0.010475161987041015,0.0,0.0,0.0,0.0,0.0,0.23498920086393094,0.12042236621070312,0.28034557235421165,0.3973827976114852,0.0,0.0,0.0,0.3226781857451404,0.1618142548596112,0.0,0.0,0.22390208783297327,0.0,0.0,0.0,0.0,0.0
134,0.16776892430278878,0.0,0.0,0.0,0.0,0.0,0.14134889015367091,0.13834661354581668,0.2886913882929818,0.33949914627205446,0.0,0.0,0.0,0.009248719408081807,0.2854581673306772,0.0,0.12667109340416105,0.13309262948207157,0.0,0.0,0.07529880478087636,0.0,0.0
135,0.25260599513907644,0.10104467217192303,0.0,0.0,0.0,0.12291115311909251,0.0,0.04789697542533078,0.2819155639571519,0.14776792205903722,0.0,0.0,0.0,0.0,0.0,0.0,0.0,0.07674858223062375,0.0,0.0,0.0,0.07674858223062375,0.0
136,0.2436541143654114,0.2587535785069367,0.0,0.0,0.0,0.1315062761506276,0.0,0.0,0.42622036262203633,0.09719987125844864,0.1333118764081106,0.0,0.20192468619246862,0.06108786610878658,0.0,0.0,0.0,0.0,0.06108786610878658,0.0,0.0,0.1281530185295875,0.0
137,0.0,0.363157894736842,0.0,0.0,0.08453947368421044,0.0,0.0,0.0,0.3313157894736841,0.044736842105263075,0.10444078947368407,0.2651821862348178,0.3052631578947368,0.044736842105263075,0.0,0.0,0.0,0.0,0.0,0.0,0.0,0.0,0.0
138,0.0,0.12956521739130422,0.0,0.09847826086956513,0.0,0.0,0.06373401534526846,0.0,0.2539130434782607,0.005217391304347729,0.0,0.268542199488491,0.3249689440993788,0.0,0.0,0.0,0.0,0.2539130434782607,0.0,0.0,0.0,0.0,0.0
139,0.0,0.0,0.0,0.0,0.0,0.0,0.0,0.0,0.3121588089330024,0.17204301075268802,0.08924731182795687,0.238279569892473,0.20516129032258057,0.07741935483870954,0.0,0.0,0.0,0.17204301075268802,0.17204301075268802,0.0,0.0,0.0,0.0
140,0.04988452655889131,0.0,0.010296381832178403,0.0,0.0,0.26581986143187064,0.0,0.0,0.3467956120092378,0.2280311778290992,0.0023787528868358665,0.1686489607390298,0.11774991751897046,0.04988452655889131,0.0,0.0,0.04988452655889131,0.04988452655889131,0.19240184757505763,0.0,0.0,0.0,0.0
141,0.10461538461538467,0.0,0.0,0.0,0.0,0.10106227106227095,0.0,0.09805579036348266,0.3433846153846154,0.2183150183150182,0.0,0.061978021978021935,0.061978021978021935,0.0,0.0,0.0,0.0,0.0,0.0,0.0,0.0,0.12060439560439551,0.0
142,0.0,0.17231759656652368,0.0,0.0,0.0,0.0,0.1443133047210301,0.08156294706723888,0.34656652360515017,0.041630901287553645,0.041630901287553645,0.31545064377682397,0.0,0.0,0.0,0.28122317596566515,0.0,0.0,0.0,0.0,0.0,0.11008583690987117,0.0
143,0.0,0.0,0.0,0.0,0.12122477383437702,0.0,0.10125260960334026,0.2757347037096515,0.15260960334029217,0.17614822546972841,0.0,0.16307121317559714,0.0,0.0,0.0,0.31999536070517265,0.0,0.11730167014613768,0.0,0.0,0.0,0.05845511482254684,0.0
144,0.0,0.0,0.057890563045202126,0.0,0.0,0.0,0.06038291605301915,0.2061855670103092,0.09278350515463918,0.3370340999206979,0.0,0.18350515463917527,0.09278350515463918,0.0,0.0020618556701030855,0.09278350515463918,0.0,0.0,0.0,0.0,0.09278350515463918,0.0,0.0
145,0.0,0.0,0.13134920634920633,0.0,0.0,0.0,0.0,0.12190734989648022,0.24465148378191848,0.2635351966873706,0.04322521279043012,0.19429491603404647,0.048260869565217246,0.09358178053830224,0.2635351966873706,0.0,0.19429491603404647,0.0,0.09358178053830224,0.0,0.0,0.0,0.0
146,0.0,0.0,0.0,0.0,0.0,0.0,0.05650406504065042,0.11940379403794033,0.0040876242095754245,0.0040876242095754245,0.05650406504065042,0.23340955284552856,0.0,0.10892050587172541,0.0,0.0,0.1912891986062718,0.0,0.11547256097560976,0.0,0.0,0.0,0.0
147,0.020225065515646623,0.0,0.0,0.0,0.0,0.0,0.0,0.0,0.0,0.17444889779559114,0.0,0.10892896904920946,0.0,0.0,0.0,0.0,0.0,0.1154809619238476,0.12390495276266811,0.0,0.0,0.0,0.0
148,0.008504854368931891,0.1268082524271844,0.0,0.0,0.0,0.0,0.0,0.09864077669902904,0.0,0.09864077669902904,0.0,0.0,0.3413144137415982,0.0,0.0,0.14871628910463852,0.0,0.0,0.0,0.0,0.0,0.0,0.0
149,0.0,0.09206349206349196,0.0,0.0,0.0,0.19582766439909305,0.0,0.0,0.11281632653061224,0.06612244897959185,0.0,0.06612244897959185,0.4163265306122449,0.24122448979591837,0.0,0.11800453514739229,0.0,0.0,0.0,0.0,0.0,0.06612244897959185,0.0
150,0.0,0.10941259731068631,0.0,0.10318471337579604,0.0,0.22276008492568988,0.0,0.0,0.0,0.4394904458598725,0.0,0.24435008256664303,0.29832507666902564,0.2713375796178342,0.0,0.0,0.0,0.0,0.0,0.0,0.0,0.0,0.0
151,0.0,0.0,0.0,0.044521276595744674,0.0,0.22730851063829782,0.1968439716312057,0.0,0.27992907801418443,0.27140752864157125,0.0,0.05836879432624109,0.16914893617021276,0.16914893617021276,0.0,0.0,0.0,0.1276063829787234,0.0,0.0,0.0,0.0,0.0
152,0.09236092627096071,0.0,0.0,0.0,0.0,0.15091828586638256,0.19117647058823528,0.004524886877827927,0.2533936651583709,0.004524886877827927,0.2533936651583709,0.0,0.12895927601809942,0.15384615384615374,0.0,0.0,0.0,0.0,0.0,0.0,0.0,0.0,0.0
153,0.10492807292408479,0.19914617051102335,0.0,0.0,0.0,0.0,0.0,0.0,0.12550443906376108,0.14736682808716717,0.4003459010722933,0.14736682808716717,0.12550443906376108,0.212953995157385,0.16048426150121065,0.0,0.0,0.0,0.0,0.0,0.0,0.4003459010722933,0.0
154,0.0,0.07518974741819073,0.0,0.0709377462568952,0.0,0.0305437352245862,0.0,0.0,0.24261229314420807,0.300872885979269,0.22097264437689967,0.05747307591279227,0.11443898890707394,0.0,0.1737588652482268,0.0,0.0,0.2123167848699763,0.0,0.0,0.0,0.0,0.0
155,0.0,0.0,0.0,0.11020242914979761,0.0,0.19494505494505499,0.0,0.0,0.20307692307692304,0.3042735042735043,0.23470085470085478,0.16512820512820514,0.18118343195266262,0.0,0.06076923076923069,0.02598290598290598,0.0,0.08923076923076922,0.0,0.0,0.0,0.0,0.0
156,0.0,0.0,0.0,0.00619521440416948,0.0,0.1090026060175312,0.13641791044776108,0.08814313525539996,0.3270788912579956,0.2803482587064675,0.3270788912579956,0.1775408670931058,0.126137171286425,0.0,0.0,0.0,0.0,0.0,0.0,0.0,0.0,0.0,0.0
157,0.024466092169351694,0.0,0.0,0.0,0.0,0.017239915074309886,0.0104151922623259,0.16465392781316346,0.2912787849093581,0.31351317597102524,0.34190172884440395,0.2492804906817645,0.14008492569002118,0.0,0.0,0.0,0.0,0.12253563845920512,0.0,0.0,0.0,0.0,0.0
158,0.09490225191784196,0.0,0.0,0.0,0.0,0.0,0.0,0.12166166360027098,0.18541202672605783,0.28316258351893087,0.2982011307178344,0.3483296213808462,0.05869834199455559,0.0,0.0,0.0,0.0,0.23971789161098722,0.0,0.0,0.0,0.0,0.0
159,0.0962188078892885,0.0,0.0,0.0,0.0,0.0,0.0,0.01830663615560635,0.2448512585812357,0.268542199488491,0.08375286041189933,0.2146453089244852,0.0,0.1819221967963387,0.0,0.0,0.0,0.01830663615560635,0.0,0.0,0.0,0.0,0.0
160,0.0,0.0,0.0,0.0,0.0,0.0,0.0,0.0,0.05409482758620676,0.22387267904509278,0.05409482758620676,0.1802155172413793,0.0,0.15919540229885054,0.0,0.0,0.0,0.13292025862068957,0.0,0.0,0.0,0.0,0.0
161,0.07194529652351733,0.0,0.0,0.0,0.0,0.1929959100204499,0.046966598500340795,0.01868302658486709,0.0,0.1391956373551465,0.1265367496691927,0.20541135755859685,0.1822358554873892,0.0,0.11229550102249486,0.0,0.0,0.16993865030674848,0.16071574642126796,0.0,0.0,0.0,0.0
162,0.24383379501385039,0.0,0.0,0.0,0.0,0.24245894736842089,0.020421052631578784,0.05010526315789465,0.12926315789473675,0.12926315789473675,0.061236842105263034,0.19328792569659436,0.18368421052631578,0.0,0.12926315789473675,0.0,0.05010526315789465,0.18368421052631578,0.0,0.0,0.0,0.0,0.0
163,0.16159366493442218,0.0,0.0,0.0,0.0,0.1670378619153674,0.0,0.0,0.12694877505567925,0.22256867112100964,0.020044543429843964,0.22256867112100964,0.0,0.0,0.0,0.0,0.0,0.16159366493442218,0.0,0.0,0.0,0.0,0.0
164,0.037789473684210595,0.0,0.028492753623188483,0.0,0.0,0.06494179894179897,0.0,0.0,0.266462962962963,0.28903333333333325,0.0,0.18746666666666667,0.0,0.0,0.0,0.0,0.0,0.13822222222222225,0.0,0.0,0.0,0.0,0.0
165,0.0,0.08150548354935183,0.0,0.0,0.0,0.008025922233300009,0.028436911487758842,0.0,0.37542372881355923,0.21927966101694907,0.0,0.0,0.27132768361581905,0.0,0.0,0.0,0.0,0.0,0.0,0.0,0.0,0.0,0.0
166,0.0,0.0,0.0,0.0,0.0,0.10502092050209211,0.0,0.0,0.18338314405260014,0.18338314405260014,0.3013389121338912,0.0472803347280335,0.2237099023709903,0.011994421199442273,0.2237099023709903,0.0,0.0,0.0,0.0,0.0,0.0,0.0,0.07615062761506275
167,0.04575163398692805,0.0,0.0,0.0,0.0,0.013688888888888862,0.0,0.13481481481481472,0.026666666666666505,0.292121212121212,0.20136752136752123,0.18888888888888888,0.07301587301587287,0.15644444444444439,0.026666666666666505,0.0,0.0,0.0,0.0,0.0,0.0,0.0,0.0
168,0.0,0.026114649681528546,0.0,0.0,0.0,0.0,0.0,0.15837068490996298,0.1343241330502476,0.24253361641896665,0.051086068920463745,0.08021939136588818,0.23269639065817405,0.1343241330502476,0.0,0.18842887473460712,0.05562632696390646,0.0,0.0,0.0,0.0,0.0,0.0
169,0.0,0.051339869281045836,0.0,0.0,0.0,0.18218954248366015,0.0,0.01862745098039209,0.18997821350762523,0.2730573710965868,0.07027863777089782,0.0,0.0,0.054974582425562746,0.12766884531590417,0.0,0.0,0.12766884531590417,0.0,0.0,0.0,0.0,0.0
170,0.0,0.04067085953878391,0.0,0.0,0.019586702605570383,0.08679245283018855,0.0,0.0369811320754716,0.24528301886792447,0.21132075471698097,0.0623751387347391,0.16981132075471694,0.0,0.07018867924528294,0.0,0.0,0.0,0.07018867924528294,0.0,0.0,0.0,0.0,0.0
171,0.0,0.12989454961250135,0.0,0.0,0.0,0.0,0.0,0.0831533477321812,0.23596112311015105,0.1995783194487296,0.14427645788336918,0.0,0.2529397648188144,0.0,0.0,0.0,0.0,0.0,0.0,0.0,0.0,0.0,0.0
172,0.0,0.0,0.0,0.0,0.0,0.08249480249480257,0.0,0.0,0.20631038278097102,0.25434949119159644,0.228987228987229,0.0,0.13261063261063266,0.02552552552552545,0.0,0.0,0.0,0.0,0.0,0.0,0.0,0.0,0.0
173,0.08902691511387151,0.0,0.0,0.0,0.0,0.16610925306577462,0.0,0.0,0.27729468599033813,0.31677018633540366,0.24637681159420277,0.008051529790660261,0.2028985507246377,0.11705685618729089,0.0,0.0,0.0,0.13043478260869557,0.0,0.0,0.0,0.0,0.0
174,0.07783725910064221,0.0,0.0,0.0,0.0009903640256958557,0.009528907922912055,0.06319975527684296,0.0,0.3413123279290302,0.3083779443254817,0.1802997858672376,0.10578158458244102,0.0,0.10578158458244102,0.0,0.0,0.0,0.32933618843683066,0.0,0.0,0.0,0.0,0.0
175,0.0,0.022222222222222143,0.0,0.0,0.0,0.024201529464687233,0.08098290598290592,0.0,0.28076923076923066,0.16888888888888887,0.12094017094017084,0.18632478632478622,0.0,0.11479289940828397,0.0,0.0,0.0,0.2008547008547008,0.0,0.0,0.0,0.0,0.0
176,0.0,0.0,0.19447424892703868,0.008583690987124526,0.0,0.19447424892703868,0.09781115879828339,0.0,0.27502682403433476,0.16225321888412025,0.1520781567653039,0.0,0.11392167381974261,0.07364538626609451,0.0,0.0,0.0,0.0,0.0,0.0,0.0,0.0,0.0
177,0.0,0.0,0.0,0.138623660922217,0.0,0.138623660922217,0.1271386430678465,0.0,0.2985935524652338,0.21442477876106192,0.22632743362831853,0.0,0.2050726927939316,0.0,0.0,0.0,0.0,0.0,0.0,0.0,0.0,0.0,0.0
178,0.0,0.0,0.0,0.0,0.0,0.09161220043572982,0.0,0.0,0.2561588738059326,0.23812636165577328,0.29087145969498895,0.05449527959331868,0.008211831741243403,0.0330065359477123,0.0,0.0,0.0,0.1569800569800568,0.0,0.0,0.0,0.0,0.0
179,0.0,0.15012448132780076,0.0,0.0,0.0,0.0,0.05906639004149361,0.0,0.22738589211618243,0.29177040110650054,0.2411825726141078,0.2144007810593116,0.0,0.08941908713692936,0.0,0.0,0.0,0.13278008298755173,0.0,0.0,0.0,0.0,0.0
180,0.0,0.0,0.0,0.0,0.0,0.0,0.04466501240694776,0.06854838709677402,0.2357320099255582,0.24596774193548365,0.18497983870967727,0.15322580645161266,0.0,0.0,0.0,0.0,0.14019851116625293,0.0,0.0,0.0,0.0,0.0,0.0
181,0.0,0.0,0.0,0.0,0.0,0.10467775467775453,0.0,0.0,0.1946836946836945,0.18942018942018934,0.1327362865824403,0.0,0.0,0.0,0.0,0.0,0.0,0.0,0.04204204204204187,0.0,0.0,0.0,0.0
182,0.0,0.0,0.0,0.007866379310344729,0.0,0.14015086206896543,0.12970735027223224,0.0,0.22834051724137916,0.26076318458417846,0.09806034482758608,0.007866379310344729,0.18594164456233409,0.0,0.0,0.0,0.0,0.11810344827586194,0.19684421182266,0.0,0.0,0.0,0.0
183,0.0,0.0,0.0,0.0,0.0,0.08523908523908508,0.018156618156618065,0.0,0.3063063063063063,0.35966735966735963,0.06412921797537174,0.03950103950103945,0.26819126819126815,0.14622314622314614,0.0,0.0,0.0,0.14622314622314614,0.06084546084546072,0.0,0.0,0.0,0.0
184,0.09980310115678082,0.09790794979079498,0.0,0.0,0.0,0.08179916317991631,0.0,0.001255230125522977,0.2858437935843793,0.29369166398455104,0.15831589958158998,0.27656903765690377,0.12552301255230125,0.053974895397489564,0.0,0.0,0.0,0.22092050209205016,0.0,0.0,0.0,0.0,0.0
185,0.14692946058091283,0.0,0.0,0.0,0.0,0.0,0.1982419742301812,0.0,0.26879668049792527,0.23832987551867213,0.08599585062240656,0.14692946058091283,0.03521784232365133,0.0,0.0,0.0,0.0,0.22448132780082974,0.0,0.0,0.0,0.0,0.0
186,0.0,0.0,0.0,0.0,0.0,0.04683447749809311,0.06574649183344827,0.0,0.20947780078214862,0.24541062801932356,0.0,0.0,0.054690237298932964,0.0,0.0,0.0,0.0,0.1915113871635611,0.1376121463077985,0.0,0.0,0.0,0.0
187,0.0,0.038789428815004245,0.0,0.00236460717009912,0.0,0.1758664146187775,0.0,0.0,0.21565217391304348,0.24581939799331098,0.0,0.0,0.1720772946859903,0.0,0.0,0.0,0.0,0.15962732919254652,0.0,0.0,0.0,0.0,0.0
188,0.0,0.027053512442193228,0.0,0.06507670850767067,0.0,0.16125302796740804,0.029970893214480543,0.0,0.21544898616028318,0.2563110181311017,0.06507670850767067,0.0,0.08936043036461438,0.0,0.0,0.0,0.04382845188284512,0.04382845188284512,0.0,0.0,0.0,0.0,0.0
189,0.03400379506641349,0.12275985663082423,0.0,0.0,0.0,0.07115749525616688,0.0,0.01749103942652319,0.27815668202764965,0.2535483870967741,0.18261859582542683,0.0,0.0,0.0,0.0,0.0,0.0,0.17890322580645157,0.0,0.0,0.0,0.0,0.0
190,0.0,0.07796178343949034,0.0,0.0,0.0,0.12186836518046695,0.0,0.25159235668789803,0.24007839294463496,0.259076433121019,0.21791401273885336,0.0,0.0,0.0,0.0,0.0,0.0,0.12186836518046695,0.04869072894550586,0.0,0.0,0.0,0.0
191,0.0,0.0,0.0,0.0,0.0,0.1274726704841228,0.0,0.05412979351032443,0.2744745575221239,0.30134587020648973,0.2744745575221239,0.14011799410029502,0.0,0.09712389380530984,0.0,0.0,0.0,0.18537494177922687,0.0,0.0,0.0,0.0,0.0
192,0.0,0.03711484593837522,0.0,0.0,0.0,0.0,0.03711484593837522,0.0,0.3333872010342598,0.35005252100840323,0.35430054374691045,0.2647058823529411,0.0,0.08525910364145639,0.0,0.0,0.0,0.22969187675070024,0.0,0.0,0.0,0.0,0.0
193,0.0,0.16806722689075615,0.0,0.0,0.0,0.0,0.09939975990396144,0.0,0.22352941176470575,0.2882352941176469,0.3181413741967375,0.05714285714285716,0.0,0.0,0.0,0.0,0.0,0.08487394957983185,0.0,0.0,0.0,0.0,0.04129651860744288
194,0.0,0.10309080962800865,0.0,0.0,0.0,0.1469954553105537,0.05416849015317282,0.002368387179817133,0.1520131291028446,0.1302698760029175,0.1520131291028446,0.0681462957174116,0.051203501094091775,0.0,0.021553610503282195,0.0,0.0,0.20274738633600775,0.0,0.0,0.0,0.0,0.0
195,0.0,0.011392405063291089,0.0,0.0,0.0,0.14708364358401582,0.14708364358401582,0.0,0.26339041945892283,0.10554550934297757,0.0,0.12123769338959212,0.0,0.011392405063291089,0.0,0.0,0.0,0.17616033755274263,0.0,0.0,0.0,0.0,0.0
196,0.0,0.0,0.11716738197424892,0.0,0.0,0.19295905347407483,0.004649499284692271,0.026287553648068562,0.22914431330472085,0.17381974248927023,0.05579399141630892,0.0,0.0,0.0,0.0,0.0,0.0,0.10743025751072954,0.0,0.0,0.0,0.0,0.0
197,0.0,0.0,0.04674369747899165,0.0,0.0,0.09562863606981264,0.0,0.022301228183581268,0.12007110536522303,0.30094537815126055,0.15266106442577032,0.0,0.0,0.0,0.04674369747899165,0.0,0.0,0.011437908496732208,0.0,0.0,0.0,0.0,0.0
198,0.0,0.0,0.0,0.0,0.05438596491228065,0.0,0.01862745098039209,0.0,0.18722222222222218,0.31822916666666656,0.14444444444444438,0.0,0.0,0.0018518518518518823,0.24509803921568618,0.0,0.0,0.03749999999999987,0.0,0.0,0.0,0.0,0.0
199,0.026805555555555416,0.0,0.0,0.0,0.0,0.16583333333333328,0.0,0.0,0.1818749999999999,0.24203124999999992,0.0,0.10166666666666657,0.0,0.0,0.1915,0.0,0.0,0.21395833333333325,0.0,0.0,0.0,0.0,0.0
200,0.11321390086206884,0.0,0.0,0.0,0.0,0.21624999999999983,0.0,0.0064021298174441466,0.2278325123152708,0.24486561866125756,0.09913793103448265,0.01724137931034475,0.0,0.0,0.0,0.0,0.0,0.2342672413793102,0.0,0.0,0.0,0.0,0.0
201,0.029957805907172896,0.0,0.0,0.0,0.0,0.19482663731425431,0.0,0.03546940928270037,0.25042194092826997,0.31007694216927273,0.27981715893108294,0.29451476793248943,0.0,0.13578059071729953,0.0,0.0,0.0,0.15822784810126567,0.0,0.0,0.0,0.0,0.0
202,0.0007237838747685688,0.0,0.0,0.0,0.0,0.22675054704595188,0.0,0.0,0.22675054704595188,0.312667152929735,0.15645514223194734,0.38140043763676146,0.11628633948108769,0.10021881838074398,0.0,0.0,0.0,0.0,0.0,0.0,0.0,0.0,0.0
203,0.02380292532717465,0.0,0.0,0.0,0.0,0.1495252758532204,0.11254811393379516,0.0,0.2512124711316396,0.2512124711316396,0.03187066974595831,0.260456761611496,0.09670075882547002,0.0,0.0,0.0,0.0016166281755195522,0.0,0.06817551963048496,0.0,0.0016166281755195522,0.0,0.0
204,0.0,0.0,0.0,0.0,0.0,0.12941949041239809,0.0,0.0,0.318676122931442,0.2700101317122593,0.0,0.0,0.0,0.0,0.0,0.12401215805471111,0.0,0.20512214342001556,0.026680175616345614,0.0,0.0,0.0,0.0
205,0.0,0.0,0.0,0.04113450292397658,0.0,0.1623703703703704,0.0,0.0,0.37177777777777776,0.267074074074074,0.1433333333333332,0.005314814814814772,0.0,0.0,0.0,0.11001851851851852,0.0,0.012793650793650801,0.0,0.0,0.0,0.0,0.0
206,0.0,0.0,0.0,0.0,0.0,0.0,0.0,0.0,0.3839103869653767,0.1785471826205023,0.0,0.07586558044806502,0.15287678207739297,0.0478615071283095,0.0,0.07586558044806502,0.0,0.0,0.0,0.0,0.0,0.0,0.0
207,0.0,0.0,0.0,0.0,0.18550955414012738,0.0,0.005464297686892272,0.0,0.24816266536011755,0.2669585987261145,0.0,0.0522292993630572,0.20878070973612362,0.15292993630573248,0.0,0.0,0.0,0.22993630573248403,0.0,0.0,0.0,0.0,0.0
208,0.0,0.0,0.0,0.0,0.0,0.0,0.0,0.0,0.17856598016781067,0.2883833624983172,0.23190585158548527,0.2383066361556062,0.08352402745995402,0.029214340198321698,0.0,0.0,0.0,0.15989702517162463,0.0,0.0,0.0,0.0,0.0
209,0.0,0.0,0.0,0.0,0.0,0.01404682274247504,0.0,0.03289592760181004,0.16628959276018107,0.277450980392157,0.2885671191553545,0.1901098901098901,0.0,0.0,0.0,0.0,0.0,0.055128205128205265,0.07650539505743126,0.0,0.0,0.0,0.0
210,0.0,0.0,0.0,0.0,0.0,0.0,0.0,0.0,0.2138713080168776,0.28125376732971663,0.334102755026061,0.17456487341772142,0.0,0.10905414908579458,0.0,0.028059071729957807,0.0,0.23134083450539145,0.08523206751054846,0.0,0.0,0.0,0.0
211,0.03733450049239506,0.0,0.0,0.0,0.0,0.0,0.0,0.0,0.31164241164241147,0.2414018414018413,0.33130977130977124,0.1887214137214136,0.13766192227730678,0.0,0.01663201663201641,0.0,0.0,0.23297297297297292,0.0,0.0,0.0,0.0,0.0
212,0.027660294366435467,0.0,0.0,0.0,0.0,0.0,0.0,0.0,0.33300907911802846,0.19747081712062253,0.11721789883268474,0.0945824603412152,0.23838406958113978,0.01913099870298307,0.11721789883268474,0.0,0.0,0.01913099870298307,0.0,0.0,0.0,0.0,0.0
213,0.027591522157996096,0.0,0.0,0.0,0.0,0.07741131134534751,0.0,0.09816955684007711,0.3278282411230389,0.2680796403339756,0.0,0.05895953757225436,0.13737957610789986,0.0,0.0,0.0,0.0,0.0,0.030443159922928786,0.0,0.0,0.0,0.0
214,0.0,0.0,0.0,0.0,0.0,0.10489908420023109,0.0,0.03496932515337403,0.35664621676891606,0.30070240953143057,0.0642126789366052,0.21367870938423084,0.27086571233810486,0.0,0.0,0.0,0.0,0.0,0.0,0.0,0.0,0.0,0.0
215,0.0,0.0,0.0,0.0,0.0,0.1407202216066481,0.0,0.0,0.3720647773279352,0.24647773279352225,0.232523616734143,0.2778744939271255,0.14372469635627516,0.0,0.0,0.0,0.0,0.0,0.0,0.0,0.0,0.0,0.0
216,0.1351202749140893,0.009940314704286357,0.0,0.06755154639175243,0.0,0.14650027129679866,0.0,0.0,0.14863402061855657,0.05649484536082461,0.10809278350515461,0.23687083080654936,0.10809278350515461,0.0,0.0,0.0,0.0,0.07334315169366701,0.0,0.0,0.0,0.0,0.0
217,0.0,0.04894823025569983,0.0,0.056873661670235554,0.0,0.042691310717908326,0.0,0.12985367594575303,0.0,0.13386356684001233,0.0,0.0813704496788008,0.08857538732837889,0.0,0.0,0.0,0.015417558886509641,0.13386356684001233,0.0,0.0,0.0,0.0,0.0
218,0.0,0.0,0.0,0.0,0.0,0.0,0.0,0.0,0.0454326923076922,0.21624999999999994,0.0,0.06696428571428559,0.16026785714285707,0.0,0.0,0.0,0.15093749999999995,0.23802083333333324,0.0,0.0,0.0,0.0,0.0
219,0.0,0.014035087719298178,0.0,0.0,0.0,0.041031746031746086,0.0,0.0,0.14848484848484844,0.2975,0.16740740740740734,0.0873504273504273,0.20525252525252524,0.0,0.0,0.0,0.028641975308641987,0.03494949494949495,0.0,0.0,0.0,0.0,0.0
220,0.0,0.2120993788819875,0.0,0.0,0.0,0.014028699935746514,0.015124223602484443,0.0,0.21796464405160054,0.36459627329192545,0.31921029281277724,0.0,0.04689440993788818,0.0,0.0,0.0,0.21796464405160054,0.16908743430482553,0.0,0.0,0.0,0.0,0.0
221,0.0,0.1736730360934181,0.0,0.0,0.0,0.03813792561138629,0.07249014255383668,0.08513800424628448,0.10727176220806789,0.3507430997876857,0.24253361641896665,0.0,0.1736730360934181,0.0,0.0,0.0,0.026114649681528546,0.20091458435407472,0.0,0.0,0.0,0.0,0.0
222,0.0,0.0,0.0,0.0,0.0,0.11585595567867035,0.14714105263157895,0.04622556390977439,0.23642105263157898,0.35389473684210526,0.0,0.1600631578947369,0.0,0.24621052631578944,0.0,0.0,0.0,0.0,0.0,0.0,0.0,0.0,0.0
223,0.0,0.0,0.0,0.10286975717439295,0.0,0.09539367181751279,0.09106541187405603,0.0,0.3391674550614948,0.38322295805739515,0.04056904586705923,0.03077893409019239,0.0,0.0,0.0,0.07483443708609272,0.05111224316522334,0.10909982830512632,0.0,0.0,0.0,0.0,0.0
224,0.0,0.05068493150684916,0.0,0.0007209805335254282,0.0,0.0,0.0,0.0,0.3671232876712328,0.26975763962065324,0.0858447488584474,0.0,0.1237091675447839,0.05068493150684916,0.0,0.0,0.0858447488584474,0.26975763962065324,0.0,0.0,0.0,0.0,0.0
225,0.0,0.0,0.0,0.0,0.033121019108280136,0.0,0.0,0.0,0.3554140127388534,0.2019411586290566,0.0,0.0,0.05460721868365159,0.1796178343949043,0.0,0.0,0.06893135173389942,0.06893135173389942,0.0,0.0,0.14055201698513786,0.0,0.0
226,0.03510869565217378,0.03510869565217378,0.0,0.0,0.0,0.0,0.07084541062801919,0.0,0.35673913043478256,0.23612771739130423,0.0598494983277591,0.0,0.0,0.14231884057971012,0.0,0.0,0.0,0.03510869565217378,0.0,0.0,0.0810559006211179,0.0,0.0
227,0.16106418918918908,0.11069330199764982,0.0,0.0,0.0,0.06252252252252244,0.14774774774774768,0.0,0.3116424116424117,0.24459459459459454,0.041216216216216184,0.17818532818532817,0.0,0.0057057057057057214,0.0,0.0,0.0,0.2010135135135135,0.08687258687258681,0.0,0.16413721413721405,0.0,0.0
228,0.03163179916317982,0.0,0.0,0.0,0.0,0.2523627861186315,0.05853091585309156,0.0,0.23337517433751742,0.24346234309623427,0.15267782426778242,0.1353855349671248,0.0,0.0,0.0,0.0,0.0,0.23337517433751742,0.0,0.0,0.09215481171548112,0.0,0.0
229,0.0,0.0,0.0,0.0,0.0,0.17499999999999993,0.0,0.0,0.17063492063492047,0.3549382716049382,0.25308641975308643,0.14444444444444438,0.0,0.08333333333333326,0.0,0.012820512820512775,0.0,0.18518518518518512,0.0,0.0,0.0,0.0,0.0
230,0.0,0.0,0.0,0.0,0.0,0.1460924600990643,0.0,0.0,0.30310126582278474,0.3291883842144452,0.287262658227848,0.09493670886075933,0.0,0.0,0.0,0.0,0.0,0.12887658227848098,0.0,0.0,0.0,0.0,0.0
231,0.06739130434782614,0.0,0.0,0.0,0.0,0.17101449275362324,0.01830663615560646,0.0,0.27463768115942033,0.25391304347826094,0.37826086956521743,0.17101449275362324,0.0,0.0,0.0,0.0,0.02298136645962734,0.145108695652174,0.0,0.0,0.0,0.0,0.0
232,0.0804105699934482,0.0,0.0,0.0,0.0,0.14647302904564308,0.026747526332588478,0.0,0.11943823811043719,0.33056708160442594,0.3975103734439833,0.0627939142461964,0.12973720608575368,0.0,0.0,0.0,0.020954356846472955,0.12973720608575368,0.0,0.0,0.0,0.0,0.0
233,0.0,0.0,0.0,0.0,0.0,0.062962962962963,0.0389363722697057,0.0,0.24144620811287476,0.18309591642924972,0.37530864197530867,0.0,0.17803768680961662,0.0,0.0,0.0,0.0,0.16707818930041152,0.0,0.0,0.0,0.0,0.0
234,0.027609649122806834,0.0,0.0,0.0,0.0,0.008981481481481368,0.04437499999999983,0.1080833333333332,0.36291666666666655,0.12401041666666657,0.17179166666666656,0.0,0.18916666666666648,0.0,0.0,0.008981481481481368,0.0,0.02563725490196067,0.0,0.0,0.0,0.0,0.0
235,0.029216867469879504,0.0,0.0,0.0,0.0,0.0,0.0043249922767995,0.06966616465863451,0.28468611287254275,0.1624616111504843,0.16790017211703956,0.04825183085282314,0.0,0.029216867469879504,0.0,0.0,0.0,0.0,0.0,0.0,0.0,0.0,0.0
236,0.0,0.08893360160965791,0.0,0.0,0.0,0.0,0.07694588584136397,0.0,0.2561996981891348,0.21705231388329982,0.2901274312541918,0.20881075929259763,0.0,0.0,0.025665101721439765,0.0,0.0,0.18573440643863182,0.0,0.0,0.0,0.0,0.0
237,0.0,0.07986472900100527,0.0,0.0,0.0,0.03385796545105557,0.04392194497760693,0.0036660268714010513,0.19488163787587964,0.3206813819577734,0.1765834932821495,0.0,0.05111050178228671,0.0,0.0,0.0,0.0,0.12168905950095954,0.0,0.0,0.0,0.0,0.0
238,0.0,0.10996993987975956,0.0,0.0,0.0,0.0,0.0,0.0,0.12044088176352707,0.28199255654165467,0.0,0.08617234468937873,0.07609336319698223,0.2004008016032064,0.0,0.0,0.0,0.0,0.0,0.2267612147371666,0.0,0.0,0.0
239,0.0,0.020719929762949785,0.0,0.0,0.0,0.0,0.03955223880596992,0.0,0.2529850746268655,0.0751243781094525,0.0,0.2529850746268655,0.0,0.0,0.0,0.0,0.0,0.0751243781094525,0.0,0.18895522388059693,0.0,0.0,0.0
240,0.0,0.0,0.0,0.0,0.0,0.10270337301587296,0.00694444444444442,0.0,0.3429406850459482,0.2055555555555555,0.0,0.16772486772486772,0.11296992481203005,0.0,0.0,0.0,0.0,0.039682539682539764,0.0,0.0,0.0,0.0,0.0
241,0.0,0.0,0.0,0.0,0.0,0.0,0.0,0.0,0.16704684317718932,0.3215766143524619,0.14568906992532238,0.038900203665987676,0.15903767820773917,0.14568906992532238,0.0,0.0,0.0,0.14568906992532238,0.1029735234215885,0.0,0.0,0.0,0.17620017457084658
242,0.0,0.0,0.0,0.0,0.0,0.0,0.0,0.0,0.03879298245614027,0.2217499999999999,0.1658947368421052,0.0,0.1807894736842105,0.0988684210526316,0.0,0.0,0.0,0.1989941520467836,0.0,0.0,0.0,0.0,0.0
243,0.0,0.0,0.0,0.0,0.0,0.10589473684210515,0.08786842105263137,0.035519999999999885,0.24649999999999983,0.23856842105263143,0.18418045112781933,0.04821052631578926,0.11166315789473669,0.0,0.0,0.0,0.0,0.0,0.0,0.0,0.0,0.0,0.0
244,0.0,0.0,0.0,0.0,0.010253456221197887,0.08387096774193525,0.03101736972704694,0.042645161290322364,0.3251728110599077,0.303862478777589,0.2590132827324476,0.0,0.0,0.0,0.0,0.0,0.0,0.0,0.0,0.18120967741935468,0.0,0.0,0.0
245,0.0,0.0,0.0,0.0,0.03707993890020356,0.0,0.0,0.0,0.25133580927279264,0.25133580927279264,0.17556008146639512,0.0,0.0,0.0,0.10685675492192803,0.0,0.0,0.16267820773930752,0.0,0.07250509164969443,0.0,0.0,0.0
246,0.0,0.0,0.0,0.0,0.0,0.0,0.0,0.0,0.16555066079295155,0.19764486614706878,0.16555066079295155,0.10594713656387655,0.0,0.10594713656387655,0.0,0.0,0.0,0.22736172295643653,0.0,0.0,0.0,0.0,0.0
247,0.0,0.005676855895196398,0.0,0.08853711790393015,0.0,0.0845913911416094,0.0,0.0,0.08853711790393015,0.20454148471615718,0.18414511252939192,0.005676855895196398,0.0,0.1713973799126638,0.0,0.0,0.0,0.18981077147016012,0.005676855895196398,0.0,0.0,0.0,0.0
248,0.0,0.0,0.0,0.0,0.0,0.21953124999999996,0.0,0.0,0.27927083333333325,0.3110677083333333,0.19062499999999993,0.0,0.017187500000000022,0.04609374999999993,0.0,0.0,0.0,0.0990885416666667,0.0,0.0,0.0,0.0,0.0
249,0.0,0.0,0.0,0.0,0.0,0.1224774774774775,0.0,0.0,0.3418581081081081,0.3249826749826751,0.3731981981981982,0.0,0.059797297297297325,0.0,0.0,0.19411196911196915,0.0,0.1224774774774775,0.0,0.0,0.0,0.0,0.0
250,0.0,0.0,0.0,0.0,0.0,0.21069946650859506,0.0,0.0,0.34773080912863064,0.07914937759336094,0.24657676348547708,0.12299940723177227,0.0,0.0,0.07914937759336094,0.15588692946058091,0.0,0.3302904564315352,0.0,0.0,0.0,0.0,0.0
251,0.0,0.0014764942121426872,0.0,0.0,0.0,0.15125502008032143,0.0,0.0,0.3658801874163321,0.14859437751004023,0.0,0.2550200803212852,0.0,0.0,0.0,0.0488202811244981,0.0,0.41465863453815266,0.0,0.0,0.0,0.0,0.0
252,0.14652406417112307,0.0,0.0,0.0,0.0,0.010743801652892682,0.0,0.02121212121212135,0.3404958677685951,0.255944055944056,0.050000000000000044,0.2094405594405595,0.0,0.0,0.0,0.0,0.17561983471074383,0.03272727272727283,0.0,0.0,0.0,0.0,0.0
253,0.0,0.09238493723849373,0.0,0.0,0.0,0.0,0.18355466618155358,0.0,0.32934847579199034,0.12368200836820076,0.13933054393305433,0.0,0.016377764494919234,0.0,0.0,0.0,0.12368200836820076,0.0,0.0,0.0,0.0,0.0,0.0
254,0.0,0.14842980632454317,0.0,0.0,0.0,0.0,0.20571725571725563,0.0,0.21412236412236407,0.14842980632454317,0.1370755370755371,0.09392931392931392,0.0,0.029209979209979142,0.0,0.0,0.029209979209979142,0.19100831600831603,0.0,0.0,0.0,0.0,0.0
255,0.0,0.0,0.0,0.0,0.0,0.21777777777777774,0.009999999999999898,0.0,0.21624999999999994,0.1985714285714285,0.009999999999999898,0.25749999999999995,0.15142857142857136,0.0,0.0,0.0,0.0,0.22999999999999987,0.0,0.0,0.0,0.0,0.0
256,0.0,0.0,0.0,0.09149892933618842,0.0032119914346894207,0.17408993576017118,0.0,0.0,0.27705485093065385,0.2690221270521055,0.16459671663097775,0.16459671663097775,0.16459671663097775,0.0,0.0,0.0,0.0,0.19443254817987143,0.0,0.0,0.0,0.0,0.0
257,0.0,0.0,0.0,0.030569556451612745,0.0,0.03412058371735782,0.0,0.0,0.10514112903225792,0.31820276497695843,0.1382840501792113,0.07199820788530453,0.13225806451612887,0.00571236559139765,0.0,0.0,0.0,0.25428427419354827,0.0,0.0,0.0,0.0,0.0
258,0.0,0.0,0.0,0.0,0.0,0.0,0.07734693877551013,0.0,0.17986394557823127,0.29263265306122443,0.07734693877551013,0.12860544217687075,0.10530612244897952,0.07734693877551013,0.0,0.0,0.0,0.2618775510204081,0.09785034013605431,0.0,0.0,0.0,0.0
259,0.0009661835748792091,0.0,0.0,0.0,0.0,0.0366459627329192,0.0,0.0,0.2901601830663615,0.32718130730553086,0.22931677018633545,0.12839396628216493,0.11692546583850927,0.0,0.0,0.0,0.011944577161968395,0.10086956521739132,0.011944577161968395,0.0,0.0,0.0,0.0
260,0.0,0.0,0.0,0.0,0.12738010866997396,0.1615261044176708,0.0,0.01850881788021652,0.32107376875924754,0.31918786256135656,0.12467010900745845,0.1830254350736279,0.2116912092815708,0.0,0.0,0.0,0.0,0.24752342704149932,0.0,0.0,0.0,0.0,0.0
261,0.0,0.0,0.0,0.0,0.08069716775599123,0.05151295085935592,0.0,0.0,0.343355119825708,0.3023148148148147,0.12447349310094402,0.197434035342532,0.015032679738561927,0.0,0.0,0.0,0.0,0.2661027809816736,0.0,0.0,0.0,0.0,0.0
262,0.04855012427506222,0.0,0.0,0.0,0.0,0.13884976525821602,0.0,0.0,0.25866197183098594,0.24676884838442426,0.15757042253521136,0.22977867203219315,0.0,0.037223340040241415,0.019718309859154903,0.0,0.0,0.15757042253521136,0.0,0.0,0.0,0.0,0.0
263,0.08311020960108162,0.0,0.0,0.0,0.0,0.0432454361054766,0.031855500821017846,0.0,0.17707717569786519,0.21803713527851443,0.0,0.1716985951468709,0.0,0.031855500821017846,0.0,0.0,0.0,0.17707717569786519,0.0,0.0,0.0,0.0,0.0
264,0.05209429824561396,0.0,0.0,0.0,0.019407894736842013,0.019407894736842013,0.03863519091847267,0.11554437564499465,0.23090815273477805,0.30781733746130024,0.0,0.21552631578947368,0.20099902534113057,0.0,0.0,0.0,0.0,0.12836257309941512,0.0,0.0,0.0,0.0,0.0
265,0.04704398708635982,0.0,0.0,0.0,0.0,0.1670311645708037,0.0,0.014685548617305866,0.3164755732801595,0.28272128060263657,0.19306144067796616,0.16078389830508477,0.1123675847457627,0.0,0.0610169491525423,0.0,0.0,0.03167372881355923,0.0,0.0,0.0,0.0,0.0
266,0.12850194552529182,0.0,0.0,0.0,0.0,0.08372964404092809,0.0,0.0,0.38151750972762644,0.09606405267883866,0.2690661478599221,0.13412451361867705,0.07227626459143965,0.0,0.0,0.0,0.0,0.25782101167315175,0.0,0.02809894385769862,0.0,0.0,0.11645358532518058
267,0.18441064638783256,0.0,0.0,0.0,0.0,0.051806083650190016,0.0,0.0,0.4039923954372623,0.0,0.24505703422053227,0.26375531201073577,0.07287705956907475,0.05632129277566522,0.0,0.0,0.0,0.2664521789997074,0.0,0.0,0.0,0.0066539923954370694,0.0
268,0.1367434507678409,0.0,0.0,0.0,0.0,0.09876016260162601,0.14946512623020958,0.0,0.2828330206378987,0.23502188868042517,0.261915650406504,0.2452671312427409,0.0,0.0,0.0,0.0,0.0,0.0,0.0,0.0,0.0,0.005528455284552813,0.0
269,0.04491701244813262,0.0,0.0,0.07385892116182557,0.0,0.07675311203319501,0.09518453810875727,0.0,0.18135743924125658,0.2475103734439833,0.1896265560165974,0.13174273858921148,0.0903971547125072,0.0,0.0,0.0,0.0,0.028161170561257776,0.0,0.0,0.0,0.0,0.06940631982125756
270,0.0,0.0,0.0,0.0,0.0,0.0,0.1580218151011329,0.0565526492287054,0.2206304493628436,0.2728370221327967,0.13859154929577455,0.0,0.19538771088066842,0.0,0.0,0.02578806170355441,0.1480575762265901,0.15397384305834994,0.0,0.0,0.0,0.0,0.0
271,0.0,0.0,0.0,0.0,0.0,0.0,0.09809757236227823,0.2253132832080199,0.2333829365079365,0.3100446428571427,0.2114795918367347,0.0,0.131167328042328,0.0,0.0,0.131167328042328,0.22316137566137562,0.18227513227513226,0.0033978174603174205,0.0,0.0,0.0,0.0
272,0.08810020876826707,0.0,0.0,0.0,0.0,0.05960334029227543,0.004285889721232894,0.09443284620737635,0.20588726513569922,0.34007251950335116,0.10438413361169085,0.0,0.1939457202505218,0.0,0.0,0.0,0.0,0.1801670146137785,0.0,0.0,0.0,0.0,0.0
273,0.13801554094441126,0.0,0.2237099023709903,0.0,0.0,0.001912731619844621,0.07615062761506275,0.0,0.18338314405260014,0.36485355648535567,0.0,0.0,0.2741183502689779,0.0,0.0,0.0,0.0,0.0472803347280335,0.0,0.0,0.0,0.0,0.0
